ticker,regle,drapeau,exercice_base,exercice_agregateur,rn_base,rn_n1_base,rn_agregateur,statut_base,source_base,glissement_base,glissement_agregateur,ecart,glissement_permute,marge_permutee,detail
ABJC,1,CROISSANCE_CORROBOREE,2025,2025,1331.0,1515.0,1351.0,VALIDE,NATIF,-12.15,-11.08,-1.07,,,glissement -12.15 % en base contre -11.08 % chez l'agregateur (ecart 1.1 pt) : transcription corroboree par une source independante
BICB,1,CROISSANCE_CORROBOREE,2025,2025,24200.0,30340.0,24182.0,PROBABLE,DEUX_SOURCE,-20.24,-20.3,0.06,,,glissement -20.24 % en base contre -20.30 % chez l'agregateur (ecart 0.1 pt) : transcription corroboree par une source independante
BICC,1,CROISSANCE_CORROBOREE,2025,2025,36520.0,26226.0,36520.0,VALIDE,DEUX_SOURCE,39.25,39.25,0.0,,,glissement +39.25 % en base contre +39.25 % chez l'agregateur (ecart 0.0 pt) : transcription corroboree par une source independante
BNBC,1,CROISSANCE_CORROBOREE,2025,2025,22.318122,7.31344,22.0,VALIDE,NATIF,205.17,205.18,-0.01,,,glissement +205.17 % en base contre +205.18 % chez l'agregateur (ecart 0.0 pt) : transcription corroboree par une source independante
BOAB,1,CROISSANCE_CORROBOREE,2025,2025,19647.175711,20107.229743,20107.0,PROBABLE,OCR,-2.29,2.34,-4.63,,,glissement -2.29 % en base contre +2.34 % chez l'agregateur (ecart 4.6 pt) : transcription corroboree par une source independante
BOABF,1,CROISSANCE_CORROBOREE,2025,2025,19252.0,22419.0,19252.0,VALIDE,DEUX_SOURCE,-14.13,-14.13,0.0,,,glissement -14.13 % en base contre -14.13 % chez l'agregateur (ecart 0.0 pt) : transcription corroboree par une source independante
BOAC,1,CROISSANCE_CORROBOREE,2025,2025,35540.0,32044.0,35540.0,VALIDE,DEUX_SOURCE,10.91,10.91,-0.0,,,glissement +10.91 % en base contre +10.91 % chez l'agregateur (ecart 0.0 pt) : transcription corroboree par une source independante
BOAM,1,CROISSANCE_CORROBOREE,2025,2025,11081.189907,9123.471904,11081.0,PROBABLE,OCR,21.46,21.46,-0.0,,,glissement +21.46 % en base contre +21.46 % chez l'agregateur (ecart 0.0 pt) : transcription corroboree par une source independante
BOAN,1,CROISSANCE_CORROBOREE,2025,2025,409.0,5002.0,409.0,VALIDE,DEUX_SOURCE,-91.82,-91.82,-0.0,,,glissement -91.82 % en base contre -91.82 % chez l'agregateur (ecart 0.0 pt) : transcription corroboree par une source independante
BOAS,1,CROISSANCE_CORROBOREE,2025,2025,21906.0,19984.0,21905.0,VALIDE,DEUX_SOURCE,9.62,9.61,0.01,,,glissement +9.62 % en base contre +9.61 % chez l'agregateur (ecart 0.0 pt) : transcription corroboree par une source independante
CABC,2,ECART_AGREGATEUR,2025,2025,1439.474,1375.096,1704.0,VALIDE,NATIF,4.68,39.16,-34.48,,,"glissement +4.68 % en base (ligne certifiee) contre +39.16 % chez l'agregateur : ecart de 34.5 pt non explique, la ligne certifiee est conservee mais le perimetre (consolide, part du groupe) reste a verifier"
CBIBF,1,CROISSANCE_CORROBOREE,2025,2025,65490.0,48000.0,65495.0,VALIDE,DEUX_SOURCE,36.44,36.63,-0.19,,,glissement +36.44 % en base contre +36.63 % chez l'agregateur (ecart 0.2 pt) : transcription corroboree par une source independante
CFAC,4,FONDAMENTAL_EN_RETARD,2024,2025,4693.47945,6399.494092,8416.0,PROBABLE,NATIF,,79.32,,,,"exercice 2025 disponible chez l'agregateur (resultat net 8 416) alors que la base s'arrete a 2024 : le profil porte sur des comptes perimes, saisir l'exercice manquant dans donnees/base/etats_financiers.csv"
CIEC,1,CROISSANCE_CORROBOREE,2025,2025,13100.0,10100.0,13127.0,VALIDE,DEUX_SOURCE,29.7,29.96,-0.26,,,glissement +29.70 % en base contre +29.96 % chez l'agregateur (ecart 0.3 pt) : transcription corroboree par une source independante
ECOC,1,CROISSANCE_CORROBOREE,2025,2025,63482.0,57477.0,63482.0,VALIDE,NATIF,10.45,10.45,-0.0,,,glissement +10.45 % en base contre +10.45 % chez l'agregateur (ecart 0.0 pt) : transcription corroboree par une source independante
ETIT,1,CROISSANCE_CORROBOREE,2025,2025,345523.0,299708.0,345523.0,VALIDE,NATIF,15.29,15.29,-0.0,,,glissement +15.29 % en base contre +15.29 % chez l'agregateur (ecart 0.0 pt) : transcription corroboree par une source independante
FTSC,1,CROISSANCE_CORROBOREE,2025,2025,465.981,18595.275,466.0,VALIDE,NATIF,-97.49,-97.49,-0.0,,,glissement -97.49 % en base contre -97.49 % chez l'agregateur (ecart 0.0 pt) : transcription corroboree par une source independante
LNBB,1,CROISSANCE_CORROBOREE,2025,2025,4620.0,7170.0,4622.0,VALIDE,DEUX_SOURCE,-35.56,-35.59,0.03,,,glissement -35.56 % en base contre -35.59 % chez l'agregateur (ecart 0.0 pt) : transcription corroboree par une source independante
NEIC,4,FONDAMENTAL_EN_RETARD,2024,2025,-759.371358,1167.140182,2037.0,PROBABLE,OCR,,,,,,"exercice 2025 disponible chez l'agregateur (resultat net 2 037) alors que la base s'arrete a 2024 : le profil porte sur des comptes perimes, saisir l'exercice manquant dans donnees/base/etats_financiers.csv"
NSBC,1,CROISSANCE_CORROBOREE,2025,2025,40712.0,38112.0,40712.0,VALIDE,DEUX_SOURCE,6.82,6.82,0.0,,,glissement +6.82 % en base contre +6.82 % chez l'agregateur (ecart 0.0 pt) : transcription corroboree par une source independante
NTLC,1,CROISSANCE_CORROBOREE,2025,2025,18426.899479,18149.967087,18427.0,VALIDE,NATIF,1.53,1.53,-0.0,,,glissement +1.53 % en base contre +1.53 % chez l'agregateur (ecart 0.0 pt) : transcription corroboree par une source independante
ONTBF,1,CROISSANCE_CORROBOREE,2025,2025,15886.921152,21471.148928,15887.0,VALIDE,NATIF,-26.01,-26.01,0.0,,,glissement -26.01 % en base contre -26.01 % chez l'agregateur (ecart 0.0 pt) : transcription corroboree par une source independante
ORAC,1,CROISSANCE_CORROBOREE,2025,2025,167800.0,158200.0,167800.0,VALIDE,NATIF,6.07,6.07,-0.0,,,glissement +6.07 % en base contre +6.07 % chez l'agregateur (ecart 0.0 pt) : transcription corroboree par une source independante
PALC,1,CROISSANCE_CORROBOREE,2025,2025,15508.655,15861.643,15509.0,VALIDE,NATIF,-2.23,-2.23,0.0,,,glissement -2.23 % en base contre -2.23 % chez l'agregateur (ecart 0.0 pt) : transcription corroboree par une source independante
PRSC,1,CROISSANCE_CORROBOREE,2025,2025,2370.0,2346.711607,2367.0,VALIDE,DEUX_SOURCE,0.99,0.86,0.13,,,glissement +0.99 % en base contre +0.86 % chez l'agregateur (ecart 0.1 pt) : transcription corroboree par une source independante
SDCC,2,ECART_AGREGATEUR,2025,2025,4663.0,3959.0,4663.0,VALIDE,DEUX_SOURCE,17.78,30.96,-13.18,,,"glissement +17.78 % en base (ligne certifiee) contre +30.96 % chez l'agregateur : ecart de 13.2 pt non explique, la ligne certifiee est conservee mais le perimetre (consolide, part du groupe) reste a verifier"
SDSC,1,CROISSANCE_CORROBOREE,2025,2025,784.97,21068.974,785.0,PROBABLE,NATIF,-96.27,-96.27,-0.0,,,glissement -96.27 % en base contre -96.27 % chez l'agregateur (ecart 0.0 pt) : transcription corroboree par une source independante
SGBC,1,CROISSANCE_CORROBOREE,2025,2025,101228.0,101352.0,101352.0,PROBABLE,NATIF,-0.12,0.12,-0.24,,,glissement -0.12 % en base contre +0.12 % chez l'agregateur (ecart 0.2 pt) : transcription corroboree par une source independante
SHEC,1,CROISSANCE_CORROBOREE,2025,2025,6028.125958,5353.993378,6028.0,VALIDE,NATIF,12.59,12.59,0.0,,,glissement +12.59 % en base contre +12.59 % chez l'agregateur (ecart 0.0 pt) : transcription corroboree par une source independante
SIBC,1,CROISSANCE_CORROBOREE,2025,2025,55623.0,50234.0,55623.0,VALIDE,NATIF,10.73,10.73,-0.0,,,glissement +10.73 % en base contre +10.73 % chez l'agregateur (ecart 0.0 pt) : transcription corroboree par une source independante
SICC,4,FONDAMENTAL_EN_RETARD,2021,2024,119.234795,109.826085,-129.0,PROBABLE,OCR,,,,,,"exercice 2024 disponible chez l'agregateur (resultat net -129.00) alors que la base s'arrete a 2021 : le profil porte sur des comptes perimes, saisir l'exercice manquant dans donnees/base/etats_financiers.csv"
SIVC,1,CROISSANCE_CORROBOREE,2025,2025,179.293282,376.956818,179.0,VALIDE,DEUX_SOURCE,-52.44,-52.44,0.0,,,glissement -52.44 % en base contre -52.44 % chez l'agregateur (ecart 0.0 pt) : transcription corroboree par une source independante
SLBC,1,CROISSANCE_CORROBOREE,2025,2025,45781.0,21472.0,45781.0,PROBABLE,OCR,113.21,113.21,0.0,,,glissement +113.21 % en base contre +113.21 % chez l'agregateur (ecart 0.0 pt) : transcription corroboree par une source independante
SMBC,1,CROISSANCE_CORROBOREE,2025,2025,13075.0,8698.0,13075.0,VALIDE,NATIF,50.32,50.32,0.0,,,glissement +50.32 % en base contre +50.32 % chez l'agregateur (ecart 0.0 pt) : transcription corroboree par une source independante
SNTS,1,CROISSANCE_CORROBOREE,2025,2025,413588.0,393662.0,413588.0,VALIDE,NATIF,5.06,5.06,0.0,,,glissement +5.06 % en base contre +5.06 % chez l'agregateur (ecart 0.0 pt) : transcription corroboree par une source independante
SOGC,1,CROISSANCE_CORROBOREE,2025,2025,12492.623,13110.79,12493.0,VALIDE,NATIF,-4.71,-4.71,-0.0,,,glissement -4.71 % en base contre -4.71 % chez l'agregateur (ecart 0.0 pt) : transcription corroboree par une source independante
SPHC,1,CROISSANCE_CORROBOREE,2025,2025,24972.07015,18790.217905,24972.0,VALIDE,NATIF,32.9,32.9,-0.0,,,glissement +32.90 % en base contre +32.90 % chez l'agregateur (ecart 0.0 pt) : transcription corroboree par une source independante
STBC,1,CROISSANCE_CORROBOREE,2025,2025,36463.616375,44173.762491,36464.0,VALIDE,NATIF,-17.45,-17.45,-0.0,,,glissement -17.45 % en base contre -17.45 % chez l'agregateur (ecart 0.0 pt) : transcription corroboree par une source independante
TTLC,1,CROISSANCE_CORROBOREE,2025,2025,9087.0,9374.0,9087.0,VALIDE,NATIF,-3.06,-3.06,-0.0,,,glissement -3.06 % en base contre -3.06 % chez l'agregateur (ecart 0.0 pt) : transcription corroboree par une source independante
TTLS,1,CROISSANCE_CORROBOREE,2025,2025,6779.0,7140.0,6147.0,VALIDE,NATIF,-5.06,-13.31,8.25,,,glissement -5.06 % en base contre -13.31 % chez l'agregateur (ecart 8.3 pt) : transcription corroboree par une source independante
