date_avis,rubrique,type,ticker,critique,titre,url,date_collecte
2026-09-22,AVIS,PREMIERE_COTATION,,non,"« ETAT DU SENEGAL 6,40 % 2026-2029 », « ETAT DU SENEGAL 6,60 % 2026-2031 », « ETAT DU SENEGAL 6,75 % 2026-2033 » et « ETAT DU SENEGAL 6,95 % 2026-2036 » : Résultats de première cotation",https://www.brvm.org/sites/default/files/20260922_-_avis_ndeg277_brvmdg_-_resultats_de_premiere_cotation_-_etat_du_senegal_640_2026-2029_etat_du_senegal_660_2026-2031_etat_du_senegal_675_2026-2033_et_etat_du_senegal_695_2026-2036_.pdf,2026-09-24
2026-09-22,AVIS,AUTRE,SPHC,non,SAPH CI : Avis de nomination,https://www.brvm.org/sites/default/files/20260921_-_avis_de_nomination_-_saph_ci.pdf,2026-09-24
2026-09-22,AVIS,REPRISE_COTATION,SCRC,non,SUCRIVOIRE S.A. : Levée de suspension de la cotation,https://www.brvm.org/sites/default/files/20260921_-_avis_ndeg276_brvmdg_-_levee_de_la_suspension_sucrivoire_s.a.pdf,2026-09-24
2026-09-18,AVIS,AUTRE,,non,Avis : Transactions sur dossier,https://www.brvm.org/sites/default/files/20260918_-_avis_ndeg275_brvmdg_-_transactions_sur_dossier.pdf,2026-09-24
2026-09-18,AVIS,PREMIERE_COTATION,,non,"Emprunts obligataires &quot; TPCI 5,45 % 2026-2031 &quot; et &quot; TPCI 5,70 % 2026-2033 &quot; : Première cotation",https://www.brvm.org/sites/default/files/20260917_-_avis_ndeg271_brvmdg_-_premiere_cotation_-_tpci_545_2026-2031_tpci.o103_-_tpci_570_2026-2033_tpci.o104.pdf,2026-09-24
2026-09-17,AVIS,DIVIDENDE,,non,Avis : Calendrier de paiement de dividendes,https://www.brvm.org/sites/default/files/20260904_-_calendrier_de_paiement_des_dividendes_-_exercice_2025_0.pdf,2026-09-24
2026-09-17,AVIS,SUSPENSION,SEMC,oui,SONOCO METAL PACKAGING SIEM CI (Ex-EVIOSYS PACKAGING SIEM CI) : Suspension de la cotation,https://www.brvm.org/sites/default/files/20260916_-_avis_ndeg270_brvmdg_-_suspension_-_sonoco_metal_packaging_siem_ci.pdf,2026-09-24
2026-09-17,AVIS,SUSPENSION,SCRC,oui,SUCRIVOIRE S.A : Suspension de la cotation,https://www.brvm.org/sites/default/files/20260916_-_avis_ndeg269_brvmdg_-_suspension_-_sucrivoire_ci.pdf,2026-09-24
2026-09-17,AVIS,SUSPENSION,SICC,oui,SICOR S.A : Suspension de la cotation,https://www.brvm.org/sites/default/files/20260916_-_avis_ndeg268_brvmdg_-_suspension_-_sicor_ci.pdf,2026-09-24
2026-09-17,ASSEMBLEE,AGE,SNTS,non,avis de convocation assemblee generale extraordinaire sonatel sn,https://www.brvm.org/sites/default/files/20260917_-_avis_de_convocation_-_assemblee_generale_extraordinaire_-_sonatel_sn.pdf,2026-09-24
2026-09-12,AVIS,AUTRE,,non,Avis : Transactions sur dossier,https://www.brvm.org/sites/default/files/20260911_-_avis_ndeg267_brvmdg_-_transactions_sur_dossier.pdf,2026-09-24
2026-09-08,AVIS,PREMIERE_COTATION,BBGCI,non,BRIDGE BANK GROUP COTE D’IVOIRE : Première cotation,https://www.brvm.org/sites/default/files/20260908_-_avis_ndeg263_brvmdg_-_premiere_cotation_-bridge_bank_group_cote_divoire.pdf,2026-09-24
2026-09-08,AVIS,AUTRE,,non,Avis : Transactions sur dossier,https://www.brvm.org/sites/default/files/20260908_-_avis_ndeg264_brvmdg_-_transactions_sur_dossier.pdf,2026-09-24
2026-09-07,AVIS,PREMIERE_COTATION,,non,"Emprunts ETAT DU SENEGAL 6,40 % 2026-2029, ETAT DU SENEGAL 6,60 % 2026-2031, ETAT DU SENEGAL 6,75 % 2026-2033 et ETAT DU SENEGAL 6,95 % 2026-2036 : Report de la date de première cotation",https://www.brvm.org/sites/default/files/20260709_-_avis_ndeg262_brvmdg_-_report_de_la_date_de_premiere_cotation_-_emprunts_etat_du_senegal.pdf,2026-09-24
2026-09-04,AVIS,DIVIDENDE,,non,Avis : Calendrier de paiement de dividendes,https://www.brvm.org/sites/default/files/20260904_-_calendrier_de_paiement_des_dividendes_-_exercice_2025.pdf,2026-09-24
2026-09-04,DIVIDENDE,DIVIDENDE,SMBC,non,brvmdg paiement de dividendes exercice 2025 smb ci,https://www.brvm.org/sites/default/files/20260904_-_avis_ndeg261_brvmdg_-_paiement_de_dividendes_exercice_2025_-_smb_ci.pdf,2026-09-24
2026-09-03,AVIS,PREMIERE_COTATION,,non,"TPBF DIASPORA BONDS 6,75 % 2026-2031 et TPBF DIASPORA BONDS 6,85 % 2026-2033 : Résultats de première cotation",https://www.brvm.org/sites/default/files/20260903_-_avis_ndeg260_brvmdg_-_resultats_de_premiere_cotation_-_tpbf_diaspora_bonds_675_2026-2031_et_tpbf_diaspora_bonds_685_2026-2033.pdf,2026-09-24
2026-09-03,AVIS,DIVIDENDE,,non,Avis : Calendrier de paiement de dividendes,https://www.brvm.org/sites/default/files/20260902_-_calendrier_de_paiement_des_dividendes_-_exercice_2025.pdf,2026-09-24
2026-09-02,DIVIDENDE,DIVIDENDE,SDCC,non,brvmdg paiement de dividendes exercice 2025 sode ci,https://www.brvm.org/sites/default/files/20260902_-_avis_ndeg259_brvmdg_-_paiement_de_dividendes_exercice_2025_-_sode_ci.pdf,2026-09-24
2026-09-01,AVIS,PREMIERE_COTATION,,non,"nts ETAT DU SENEGAL 6,40 % 2026-2029 (EOS.O34), ETAT DU SENEGAL 6,60 % 2026-2031 (EOS.O35), ETAT DU SENEGAL 6,75 % 2026-2033 (EOS.O36) et ETAT DU SENEGAL 6,95 % 2026-2036 (EOS.O37) : Première cotation",https://www.brvm.org/sites/default/files/20260901_-_avis_ndeg256_brvmdg_-_premiere_cotation_-_emprunts_etat_du_senegal_640_2026-2029_etat_du_senegal_660_2026-2031_etat_du_senegal_675_2026-2033_et_etat_du_senegal_695_2026-2036.pdf,2026-09-24
2026-08-31,AVIS,REPRISE_COTATION,,non,TPCI : Offre Publique d'Echange - Levée de la suspension de titres,https://www.brvm.org/sites/default/files/20260831_-_avis_ndeg255_brvmdg_-_offre_publique_dechange_-_levee_de_la_suspension_des_titres_tpci.pdf,2026-09-24
2026-08-31,AVIS,AUTRE,,non,Avis : Transactions sur dossier,https://www.brvm.org/sites/default/files/20260831_-_avis_ndeg254_brvmdg_-_transaction_sur_dossier.pdf,2026-09-24
2026-08-27,AVIS,PREMIERE_COTATION,,non,"Résultats de première cotation - ETAT DU MALI 6,55 % 2026-2036 (EOM.O23) - ETAT DU MALI 6,35 % 2026-2033",https://www.brvm.org/sites/default/files/20260827_-_avis_ndeg253_brvmdg_-_resultats_de_premiere_cotation_-_etat_du_mali_655_2026-2036_eom.o23_-_etat_du_mali_635_2026-2033_eom.o24.pdf,2026-09-24
2026-08-27,DIVIDENDE,DIVIDENDE,,non,brvmdg paiement de dividendes exo 2025 nei ceda ci,https://www.brvm.org/sites/default/files/20260827_-_avis_ndeg252_brvmdg_-_paiement_de_dividendes_exo_2025_-_nei-ceda_ci.pdf,2026-09-24
2026-08-24,AVIS,PREMIERE_COTATION,,non,"TPBF DIASPORA BONDS 6,75 % 2026-2031 (TPBF.O26) et TPBF DIASPORA BONDS 6,85 % 2026-2033 (TPBF.O27) : Première cotation",https://www.brvm.org/sites/default/files/20260824_-_avis_ndeg251_brvmdg_-_premiere_cotation_-_tpbf_diaspora_bonds_675_2026-2031_et_tpbf_diaspora_bonds_685_2026-2033_.pdf,2026-09-24
2026-08-21,AVIS,DIVIDENDE,,non,Avis : Calendrier de paiement de dividendes,https://www.brvm.org/sites/default/files/20260821_-_calendrier_de_paiement_des_dividendes_-_exercice_2025.pdf,2026-09-24
2026-08-21,AVIS,AUTRE,,non,"Avis : Rappel, mardi 25 août 2026, jour férié",https://www.brvm.org/sites/default/files/20260821_-_avis_ndeg250_brvmdg_-_jour_ferie_-_fete_de_mawlid.pdf,2026-09-24
2026-08-21,DIVIDENDE,DIVIDENDE,SHEC,non,brvmdg paiement de dividendes exercice 2025 vivo energy ci,https://www.brvm.org/sites/default/files/20260821_-_avis_ndeg249_brvmdg_-_paiement_de_dividendes_-_exercice_2025_-_vivo_energy_ci.pdf,2026-09-24
2026-08-19,AVIS,PREMIERE_COTATION,,non,"ETAT DU MALI 6,55 % 2026-2036 (EOM.O23) - ETAT DU MALI 6,35 % 2026-2033 (EOM.O24) : Première cotation",https://www.brvm.org/sites/default/files/20260819_-_avis_ndeg248_brvmdg_-_premiere_cotation_-_etat_du_mali_6.55_2026-2036_et_etat_du_mali_6.35_2026-2033.pdf,2026-09-24
2026-08-19,AVIS,RADIATION,,oui,"TPCI 5,75 % 2019-2026 (TPCI.O36) : RADIATION DE LA COTE",https://www.brvm.org/sites/default/files/20260819_-_avis_ndeg247_brvmdg_-_radiation_-_tpci_575_2019-2026_tpci.o36.pdf,2026-09-24
2026-08-14,AVIS,DIVIDENDE,,non,Avis : Calendrier de paiement de dividendes,https://www.brvm.org/sites/default/files/20260814_-_calendrier_de_paiement_des_dividendes_-_exercice_2025.pdf,2026-09-24
2026-08-14,AVIS,AUTRE,ABJC,non,SERVAIR ABIDJAN CI : Modification du montant du dividende - Exercice 2025,https://www.brvm.org/sites/default/files/20260814_-_avis_ndeg244_brvmdg_-_paiement_de_dividendes_exo_2025_-_servair_abidjan_ci_modification_du_montant_du_dividende.pdf,2026-09-24
2026-08-14,DIVIDENDE,DIVIDENDE,TTLC,non,brvmdg paiement de dividendes exo 2025 totalenergies marketing ci,https://www.brvm.org/sites/default/files/20260814_-_avis_ndeg245_brvmdg_-_paiement_de_dividendes_exo_2025_-_totalenergies_marketing_ci.pdf,2026-09-24
2026-08-13,AVIS,AUTRE,,non,Avis : Horaires de cotation du 14 août 2026,https://www.brvm.org/sites/default/files/20260813_-_avis_ndeg243_brvmdg_-_horaires_de_cotation_du_14_aout_2026.pdf,2026-09-24
2026-08-13,AVIS,AUTRE,,non,Avis : Fixation du taux d'intérêt trimestriel - TPCI (TAUX DE BASE + SPREAD) % 2022-2029 (TPCI.O77),https://www.brvm.org/sites/default/files/20260813_-_avis_ndeg242_brvmdg_-_fixation_du_taux_dinteret_trimestriel_tpci.o77.pdf,2026-09-24
2026-08-13,AVIS,REPRISE_COTATION,,non,Avis : Levée de la suspension du titre TPCI (TAUX DE BASE + SPREAD) % 2022-2029 (TPCI.O77),https://www.brvm.org/sites/default/files/20260813_-_avis_ndeg241_brvmdg_-_levee_de_la_suspension_du_titre_tpci_taux_de_base_spread_2022-2029_tpci.o77.pdf,2026-09-24
2026-08-13,AVIS,AUTRE,,non,Avis : Transactions sur dossier,https://www.brvm.org/sites/default/files/20260813_-_avis_ndeg240_brvmdg_-_transactions_sur_dossier.pdf,2026-09-24
2026-08-12,AVIS,DIVIDENDE,,non,Avis : Calendrier de paiement de dividendes,https://www.brvm.org/sites/default/files/20260812_-_calendrier_de_paiement_des_dividendes_-_exercice_2025.pdf,2026-09-24
2026-08-12,DIVIDENDE,DIVIDENDE,SPHC,non,brvmdg paiement de dividendes exo 2025 saph ci,https://www.brvm.org/sites/default/files/20260812_-_avis_ndeg238_brvmdg_-_paiement_de_dividendes_exo_2025_-_saph_ci.pdf,2026-09-24
2026-08-11,AVIS,AUTRE,SAFC,non,Avis : Admission à la cote des actions nouvelles - ALIOS FINANCE,https://www.brvm.org/sites/default/files/20260811_-_avis_ndeg237_brvmdg_-_admission_a_la_cote_actions_nouvelles_safca_ci.pdf,2026-09-24
2026-08-11,AVIS,AUTRE,,non,Avis : Suspension de l’emprunt obligataire - TPCI.O77,https://www.brvm.org/sites/default/files/20260810_-_avis_ndeg235_brvmdg_-_suspension_titre_tpci.o77.pdf,2026-09-24
2026-08-10,AVIS,DIVIDENDE,,non,Avis : Calendrier de paiement de dividendes,https://www.brvm.org/sites/default/files/20260806_-_calendrier_de_paiement_des_dividendes_-_exercice_2025.pdf,2026-09-24
2026-08-06,DIVIDENDE,DIVIDENDE,SGBC,non,brvmdg paiement de dividendes exercice 2025 societe generale ci,https://www.brvm.org/sites/default/files/20260806_-_avis_ndeg231_brvmdg_-_paiement_de_dividendes_exercice_2025_-_societe_generale_ci.pdf,2026-09-24
2026-08-05,AVIS,AUTRE,,non,Communiqué AMF-UMOA - Liste des cartes professionnelles délivrées en juin 2026,https://www.brvm.org/sites/default/files/20260805_-_communique_amf-umoa_-_liste_des_cartes_professionnelles_delivrees_en_juin_2026.pdf,2026-09-24
2026-08-05,AVIS,AUTRE,,non,"Avis : Rappel, Vendredi 7 août 2026, jour férié",https://www.brvm.org/sites/default/files/20260804_-_avis_ndeg229_brvmdg_-_rappel_7_aout_2026_jour_ferie.pdf,2026-09-24
2026-08-04,AVIS,AUTRE,,non,Avis : Horaires de cotation du 06 août 2026,https://www.brvm.org/sites/default/files/20260804_-_avis_ndeg230_brvmdg_-_horaires_de_cotation_du_06_aout_2026.pdf,2026-09-24
2026-08-03,ASSEMBLEE,AGO,SDSC,non,avis de convocation assemblee generale mixte africa global logistics ci,https://www.brvm.org/sites/default/files/20260803_-_avis_de_convocation_-_assemblee_generale_mixte_-_africa_global_logistics_ci.pdf,2026-09-24
2026-08-03,ASSEMBLEE,AGO,SDSC,non,pouvoir assemblee generale mixte africa global logistics ci,https://www.brvm.org/sites/default/files/20260803_-_pouvoir_-_assemblee_generale_mixte_-_africa_global_logistics_ci.pdf,2026-09-24
2026-08-03,ASSEMBLEE,AGO,SDSC,non,formulaire de vote par correspondance assemblee generale mixte africa global logistics ci,https://www.brvm.org/sites/default/files/20260803_-_formulaire_de_vote_par_correspondance_-_assemblee_generale_mixte_-_africa_global_logistics_ci.pdf,2026-09-24
2026-07-31,AVIS,DIVIDENDE,,non,Avis : Calendrier de paiement de dividendes,https://www.brvm.org/sites/default/files/20260730_-_calendrier_de_paiement_des_dividendes_-_exercice_2025.pdf,2026-09-24
2026-07-30,DIVIDENDE,DIVIDENDE,NTLC,non,brvmdg paiement de dividendes exo 2025 nestle ci,https://www.brvm.org/sites/default/files/20260730_-_avis_ndeg228_brvmdg_-_paiement_de_dividendes_exo_2025_-_nestle_ci.pdf,2026-09-24
2026-07-30,DIVIDENDE,DIVIDENDE,CFAC,non,brvmdg paiement de dividendes exo 2025 cfao motors ci,https://www.brvm.org/sites/default/files/20260730_-_avis_ndeg227_brvmdg_-_paiement_de_dividendes_exo_2025_-_cfao_motors_ci.pdf,2026-09-24
2026-07-29,DIVIDENDE,DIVIDENDE,STBC,non,brvmdg paiement de dividendes exercice 2025 sitab ci,https://www.brvm.org/sites/default/files/20260729_-_avis_ndeg226_brvmdg_-_paiement_de_dividendes_exercice_2025_-_sitab_ci.pdf,2026-09-24
2026-07-25,AVIS,AUGMENTATION_CAPITAL,SAFC,oui,Avis : Augmentation de capital - Admission à la cote des actions nouvelles de la société SAFCA CI,https://www.brvm.org/sites/default/files/20260724_-_avis_ndeg220_brvmdg_-_admission_a_la_cote_actions_nouvelles_safca_ci.pdf,2026-09-24
2026-07-22,ASSEMBLEE,AGE,,non,avis de convocation assemblee generale extraordinaire eti tg,https://www.brvm.org/sites/default/files/20260722_-_avis_de_convocation_-_assemblee_generale_extraordinaire_-_eti_tg.pdf,2026-09-24
2026-07-22,DIVIDENDE,DIVIDENDE,SOGC,non,brvmdg paiement de dividendes exercice 2025 sogb ci,https://www.brvm.org/sites/default/files/20260722_-_avis_ndeg213_brvmdg_-_paiement_de_dividendes_exercice_2025_-_sogb_ci.pdf,2026-09-24
2026-07-21,DIVIDENDE,DIVIDENDE,NSBC,non,brvmdg paiement de dividendes exercice 2025 nsia banque ci,https://www.brvm.org/sites/default/files/20260721_-_avis_ndeg212_brvmdg_-_paiement_de_dividendes_exercice_2025_-_nsia_banque_ci.pdf,2026-09-24
2026-07-13,DIVIDENDE,DIVIDENDE,SLBC,non,brvmdg paiement de dividendes exo 2025 solibra ci,https://www.brvm.org/sites/default/files/20260713_-_avis_ndeg208_brvmdg_-_paiement_de_dividendes_exo_2025_-_solibra_ci.pdf,2026-09-24
2026-07-07,DIVIDENDE,DIVIDENDE,CIEC,non,brvmdg paiement de dividendes exercice 2025 cie ci,https://www.brvm.org/sites/default/files/20260707_-_avis_ndeg201_brvmdg_-_paiement_de_dividendes_exercice_2025_-_cie_ci.pdf,2026-09-24
2026-07-03,ASSEMBLEE,AGO,,non,avis de convocation et projet de resolution assemblee generale mixte oragroup tg,https://www.brvm.org/sites/default/files/20260703_-_avis_de_convocation_et_projet_de_resolution_-_assemblee_generale_mixte_-_oragroup_tg.pdf,2026-09-24
2026-07-03,DIVIDENDE,DIVIDENDE,,non,brvmdg paiement de dividendes exo 2025 biic bn,https://www.brvm.org/sites/default/files/20260703_-_avis_ndeg199_brvmdg_-_paiement_de_dividendes_exo_2025_-_biic_bn.pdf,2026-09-24
2026-07-01,DIVIDENDE,DIVIDENDE,ABJC,non,brvmdg paiement de dividendes exo 2025 servair abidjan ci,https://www.brvm.org/sites/default/files/20260701_-_avis_ndeg193_brvmdg_-_paiement_de_dividendes_exo_2025_-_servair_abidjan_ci.pdf,2026-09-24
2026-06-29,ASSEMBLEE,AGO,UNXC,non,avis de convocation et projet de resolution assemblee generale ordinaire uniwax ci,https://www.brvm.org/sites/default/files/20260629_-_avis_de_convocation_et_projet_de_resolution_-_assemblee_generale_ordinaire_-_uniwax_ci.pdf,2026-09-24
2026-06-29,ASSEMBLEE,AGO,UNXC,non,formulaire de vote par correspondance assemblee generale ordinaire uniwax ci,https://www.brvm.org/sites/default/files/20260629_-_formulaire_de_vote_par_correspondance_-_assemblee_generale_ordinaire_uniwax_ci.pdf,2026-09-24
2026-06-26,ASSEMBLEE,AGO,,non,avis de convocation assemblee generale ordinaire lnb bn annule et remplace le precedent,https://www.brvm.org/sites/default/files/20260626_-_avis_de_convocation_-_assemblee_generale_ordinaire_-_lnb_bn_annule_et_remplace_le_precedent.pdf,2026-09-24
2026-06-26,ASSEMBLEE,AGO,SIVC,non,pouvoir assemblee generale ordinaire erium ci,https://www.brvm.org/sites/default/files/20260626_-_pouvoir_-_assemblee_generale_ordinaire_-_erium_ci.pdf,2026-09-24
2026-06-26,DIVIDENDE,DIVIDENDE,,non,brvmdg paiement de dividendes exo 2025 eti tg,https://www.brvm.org/sites/default/files/20260626_-_avis_ndeg188_brvmdg_-_paiement_de_dividendes_exo_2025_-_eti_tg.pdf,2026-09-24
2026-06-25,ASSEMBLEE,AGO,STBC,non,pouvoir personne morale assemblee generale ordinaire sitab ci,https://www.brvm.org/sites/default/files/20260625_-_pouvoir_personne_morale_-_assemblee_generale_ordinaire_-_sitab_ci.pdf,2026-09-24
2026-06-25,ASSEMBLEE,AGO,STBC,non,pouvoir personne physique assemblee generale ordinaire sitab ci,https://www.brvm.org/sites/default/files/20260625_-_pouvoir_personne_physique_-_assemblee_generale_ordinaire_-_sitab_ci.pdf,2026-09-24
2026-06-25,ASSEMBLEE,AGO,SIVC,non,avis de convocation assemblee generale ordinaire erium ci,https://www.brvm.org/sites/default/files/20260625_-avis_de_convocation_-_assemblee_generale_ordinaire_-_erium_ci.pdf,2026-09-24
2026-06-25,ASSEMBLEE,AGO,STBC,non,avis de convocation assemblee generale ordinaire sitab ci,https://www.brvm.org/sites/default/files/20260625_-_avis_de_convocation_-_assemblee_generale_ordinaire_-_sitab_ci.pdf,2026-09-24
2026-06-24,DIVIDENDE,DIVIDENDE,TTLS,non,brvmdg paiement de dividendes exercice 2025 totalenergies marketing sn,https://www.brvm.org/sites/default/files/20260624_-_avis_ndeg185_brvmdg_-_paiement_de_dividendes_exercice_2025_-_totalenergies_marketing_sn.pdf,2026-09-24
2026-06-23,DIVIDENDE,DIVIDENDE,,non,brvmdg paiement de dividendes exercice 2025 sib ci,https://www.brvm.org/sites/default/files/20260623_-_avis_ndeg184_brvmdg_-_paiement_de_dividendes_exercice_2025_-_sib_ci.pdf,2026-09-24
2026-06-17,DIVIDENDE,DIVIDENDE,,non,brvmdg paiement de dividendes exercice 2025 bicici,https://www.brvm.org/sites/default/files/20260617_-_avis_ndeg176_brvmdg_-_paiement_de_dividendes_exercice_2025_-_bicici.pdf,2026-09-24
2026-06-16,DIVIDENDE,DIVIDENDE,,non,brvmdg paiement de dividendes exercice 2025 eti tg,https://www.brvm.org/sites/default/files/20260616_-_avis_ndeg170_brvmdg_-_paiement_de_dividendes_exercice_2025_-_eti_tg.pdf,2026-09-24
2026-06-15,ASSEMBLEE,AGO,PRSC,non,avis de convocation assemblee generale mixte tractafric motors ci,https://www.brvm.org/sites/default/files/20260615_-_avis_de_convocation_-_assemblee_generale_mixte_-_tractafric_motors_ci.pdf,2026-09-24
2026-06-12,ASSEMBLEE,AGO,,non,avis de convocation assemblee generale ordinaire biic bn,https://www.brvm.org/sites/default/files/20260612_-_avis_de_convocation_-_assemblee_generale_ordinaire_-_biic_bn.pdf,2026-09-24
2026-06-12,ASSEMBLEE,AGO,,non,avis de convocation assemblee generale ordinaire lnb bn,https://www.brvm.org/sites/default/files/20260612_-_avis_de_convocation_-_assemblee_generale_ordinaire_-_lnb_bn.pdf,2026-09-24
2026-06-11,ASSEMBLEE,AGO,NSBC,non,avis de convocation assemblee generale ordinaire nsia banque ci,https://www.brvm.org/sites/default/files/20260611_-_avis_de_convocation_-_assemblee_generale_ordinaire_-_nsia_banque_ci.pdf,2026-09-24
2026-06-10,DIVIDENDE,DIVIDENDE,PALC,non,brvmdg paiement de dividendes exo 2025 palm ci,https://www.brvm.org/sites/default/files/20260610_-_avis_ndeg162_brvmdg_-_paiement_de_dividendes_exo_2025_-_palm_ci.pdf,2026-09-24
2026-06-08,ASSEMBLEE,AGO,SDCC,non,avis de convocation assemblee generale ordinaire sode ci,https://www.brvm.org/sites/default/files/20260608_-_avis_de_convocation_-_assemblee_generale_ordinaire_-_sode_ci.pdf,2026-09-24
2026-06-05,ASSEMBLEE,AGO,SMBC,non,avis de convocation assemblee generale ordinaire smb ci,https://www.brvm.org/sites/default/files/20260605_-_avis_de_convocation_-_assemblee_generale_ordinaire_-_smb_ci.pdf,2026-09-24
2026-06-05,ASSEMBLEE,AGO,SMBC,non,pouvoir assemblee generale ordinaire smb ci,https://www.brvm.org/sites/default/files/20260605_-_pouvoir_-_assemblee_generale_ordinaire_-_smb_ci.pdf,2026-09-24
2026-06-03,ASSEMBLEE,AGO,SGBC,non,avis de convocation assemblee generale mixte societe generale ci,https://www.brvm.org/sites/default/files/20260603_-_avis_de_convocation_-_assemblee_generale_mixte_-_societe_generale_ci.pdf,2026-09-24
2026-06-03,ASSEMBLEE,AGO,SHEC,non,avis de convocation et projets de resolutions assemblee generale ordinaire vivo energy ci,https://www.brvm.org/sites/default/files/20260603_-_avis_de_convocation_et_projets_de_resolutions_-_assemblee_generale_ordinaire_-_vivo_energy_ci.pdf,2026-09-24
2026-06-03,ASSEMBLEE,AGO,CIEC,non,avis de convocation et projets de resolutions assemblee generale ordinaire cie ci,https://www.brvm.org/sites/default/files/20260603_-_avis_de_convocation_et_projets_de_resolutions_-_assemblee_generale_ordinaire_-_cie_ci.pdf,2026-09-24
2026-06-03,DIVIDENDE,DIVIDENDE,CBIBF,non,avis n154 brvmdg paiement de dividendes exercice 2025 coris bank international bf,https://www.brvm.org/sites/default/files/20260603_-_avis_n154_brvmdg_-_paiement_de_dividendes_-_exercice_2025_-_coris_bank_international_bf.pdf,2026-09-24
2026-06-02,ASSEMBLEE,AGO,SAFC,non,avis de convocation assemblee generale ordinaire safca ci,https://www.brvm.org/sites/default/files/20260602_-_avis_de_convocation_-_assemblee_generale_ordinaire_-_safca_ci.pdf,2026-09-24
2026-05-29,ASSEMBLEE,AGO,,non,avis de convocation assemblee generale ordinaire nei ceda ci,https://www.brvm.org/sites/default/files/20260529_-_avis_de_convocation_-_assemblee_generale_ordinaire_-_nei-ceda_ci.pdf,2026-09-24
2026-05-29,ASSEMBLEE,AGO,FTSC,non,avis de convocation assemblee generale ordinaire filtisac ci,https://www.brvm.org/sites/default/files/20260529_-_avis_de_convocation_-_assemblee_generale_ordinaire_-_filtisac_ci.pdf,2026-09-24
2026-05-28,ASSEMBLEE,AGO,TTLS,non,avis de convocation assemblee generale ordinaire totalenergies marketing sn,https://www.brvm.org/sites/default/files/20260528_-_avis_de_convocation-assemblee_generale_ordinaire_-_totalenergies_marketing_sn.pdf,2026-09-24
2026-05-22,ASSEMBLEE,AGO,NTLC,non,avis de convocation assemblee generale ordinaire nestle ci,https://www.brvm.org/sites/default/files/20260522_-_avis_de_convocation_-_assemblee_generale_ordinaire_-_nestle_ci.pdf,2026-09-24
2026-05-20,ASSEMBLEE,AGO,BNBC,non,avis de convocation assemblee generale ordinaire bernabe ci,https://www.brvm.org/sites/default/files/20260520_-_avis_de_convocation_-_assemblee_generale_ordinaire_-_bernabe_ci.pdf,2026-09-24
2026-05-20,DIVIDENDE,DIVIDENDE,ORAC,non,brvmdg paiement de dividendes exercice 2025 orange ci,https://www.brvm.org/sites/default/files/20260520_-_avis_ndeg138_brvmdg_-_paiement_de_dividendes_-_exercice_2025_-_orange_ci.pdf,2026-09-24
2026-05-19,ASSEMBLEE,AGO,SOGC,non,avis de convocation assemblee generale ordinaire sogb ci,https://www.brvm.org/sites/default/files/20260519_-_avis_de_convocation_-_assemblee_generale_ordinaire_-_sogb_ci.pdf,2026-09-24
2026-05-19,ASSEMBLEE,AGO,SLBC,non,avis de convocation assemblee generale ordinaire solibra ci,https://www.brvm.org/sites/default/files/20260519_-_avis_de_convocation_-_assemblee_generale_ordinaire_-_solibra_ci.pdf,2026-09-24
2026-05-19,ASSEMBLEE,AGO,SLBC,non,pouvoir assemblee generale ordinaire solibra ci,https://www.brvm.org/sites/default/files/20260519_-_pouvoir_-_assemblee_generale_ordinaire_-_solibra_ci.pdf,2026-09-24
2026-05-19,ASSEMBLEE,AGO,SLBC,non,formulaire de vote par correspondance assemblee generale ordinaire solibra ci,https://www.brvm.org/sites/default/files/20260519_-_formulaire_de_vote_par_correspondance_-_assemblee_generale_ordinaire_-_solibra_ci.pdf,2026-09-24
2026-05-19,DIVIDENDE,DIVIDENDE,ONTBF,non,brvmdg paiement de dividendes onatel bf,https://www.brvm.org/sites/default/files/20260519_-_avis_ndeg137_brvmdg_-_paiement_de_dividendes_-_onatel_bf.pdf,2026-09-24
2026-05-15,ASSEMBLEE,AGO,SICC,non,avis de convocation assemblee generale ordinaire sicor ci,https://www.brvm.org/sites/default/files/20260515_-_avis_de_convocation_-_assemblee_generale_ordinaire_-_sicor_ci.pdf,2026-09-24
2026-05-13,ASSEMBLEE,AGO,,non,avis de convocation assemblee generale ordinaire eti tg,https://www.brvm.org/sites/default/files/20260513_-_avis_de_convocation_-_assemblee_generale_ordinaire_-_eti_tg.pdf,2026-09-24
2026-05-13,DIVIDENDE,DIVIDENDE,CABC,non,brvmdg paiement de dividendes exercice 2025 sicable ci,https://www.brvm.org/sites/default/files/20260513-_avis_ndeg134_brvmdg_-_paiement_de_dividendes_exercice_2025_-_sicable_ci.pdf,2026-09-24
2026-05-12,ASSEMBLEE,AGO,CFAC,non,avis de convocation assemblee generale ordinaire cfao motors ci,https://www.brvm.org/sites/default/files/20260512_-_avis_de_convocation_-_assemblee_generale_ordinaire_-_cfao_motors_ci.pdf,2026-09-24
2026-05-11,DIVIDENDE,DIVIDENDE,,non,brvmdg paiement de dividendes exo 2025 boam,https://www.brvm.org/sites/default/files/20260511_-_avis_ndeg129_brvmdg_-_paiement_de_dividendes_exo_2025_-_boam.pdf,2026-09-24
2026-05-08,DIVIDENDE,DIVIDENDE,ECOC,non,brvmdg paiement de dividendes exercice 2025 ecobank ci,https://www.brvm.org/sites/default/files/20260508_-_avis_ndeg128_brvmdg_-_paiement_de_dividendes_-_exercice_2025_-_ecobank_ci.pdf,2026-09-24
2026-05-08,DIVIDENDE,DIVIDENDE,,non,brvmdg paiement de dividendes exo 2025 boa sn,https://www.brvm.org/sites/default/files/20260508_-_avis_ndeg122_brvmdg_-_paiement_de_dividendes_exo_2025_-_boa_sn.pdf,2026-09-24
2026-05-08,DIVIDENDE,DIVIDENDE,,non,brvmdg paiement de dividendes exo 2025 boab,https://www.brvm.org/sites/default/files/20260508_-_avis_ndeg121_brvmdg_-_paiement_de_dividendes_exo_2025_-_boab.pdf,2026-09-24
2026-05-05,ASSEMBLEE,AGO,TTLC,non,avis de convocation assemblee generale ordinaire totalenergies marketing ci,https://www.brvm.org/sites/default/files/20260505_-_avis_de_convocation_-_assemblee_generale_ordinaire_-_totalenergies_marketing_ci.pdf,2026-09-24
2026-04-30,ASSEMBLEE,AGO,SCRC,non,avis de convocation assemblee generale ordinaire sucrivoire ci,https://www.brvm.org/sites/default/files/20260430_-_avis_de_convocation_-_assemblee_generale_ordinaire_-_sucrivoire_ci.pdf,2026-09-24
2026-04-30,ASSEMBLEE,AGO,ABJC,non,avis de convocation assemblee generale ordinaire servair abidjan ci,https://www.brvm.org/sites/default/files/20260430_-_avis_de_convocation_-_assemblee_generale_ordinaire_-_servair_abidjan_ci.pdf,2026-09-24
2026-04-30,ASSEMBLEE,AGO,STAC,non,avis de convocation assemblee generale ordinaire setao ci,https://www.brvm.org/sites/default/files/20260430_-_avis_de_convocation_-_assemblee_generale_ordinaire_-_setao_ci.pdf,2026-09-24
2026-04-23,ASSEMBLEE,AGO,,non,avis de convocation assemblee generale ordinaire sib ci,https://www.brvm.org/sites/default/files/20260423_-_avis_de_convocation_-_assemblee_generale_ordinaire_-_sib_ci.pdf,2026-09-24
2026-04-23,DIVIDENDE,DIVIDENDE,SNTS,non,brvmdg paiement de dividendes exo 2025 sonatel sn,https://www.brvm.org/sites/default/files/20260423_-_avis_ndeg111_brvmdg_-_paiement_de_dividendes_exo_2025_-_sonatel_sn.pdf,2026-09-24
2026-04-17,ASSEMBLEE,AGO,BICC,non,avis de convocation assemblee generale ordinaire bici ci,https://www.brvm.org/sites/default/files/20260417_-_avis_de_convocation_-_assemblee_generale_ordinaire_-_bici_ci.pdf,2026-09-24
2026-04-17,DIVIDENDE,DIVIDENDE,BOAC,non,brvmdg paiement de dividendes exo 2025 boa ci,https://www.brvm.org/sites/default/files/20260417_-_avis_ndeg102_brvmdg_-_paiement_de_dividendes_exo_2025_-_boa_ci.pdf,2026-09-24
2026-04-15,ASSEMBLEE,AGO,,non,avis de convocation assemblee generale ordinaire boa bn,https://www.brvm.org/sites/default/files/20260415_-_avis_de_convocation_-_assemblee_generale_ordinaire_-_boa_bn.pdf,2026-09-24
2026-04-15,ASSEMBLEE,AGE,,non,avis de convocation assemblee generale extraordinaire eti tg,https://www.brvm.org/sites/default/files/20260415_-_avis_de_convocation_-_assemblee_generale_extraordinaire_-_eti_tg.pdf,2026-09-24
2026-04-10,ASSEMBLEE,AGO,ECOC,non,avis de convocation assemblee generale ordinaire ecobank ci,https://www.brvm.org/sites/default/files/20260410_-_avis_de_convocation_-_assemblee_generale_ordinaire_-_ecobank_ci.pdf,2026-09-24
2026-04-09,ASSEMBLEE,AUTRE,ONTBF,non,communique de presse onatel bf 0,https://www.brvm.org/sites/default/files/20260409_-_communique_de_presse_-_onatel_bf_0.pdf,2026-09-24
2026-04-03,ASSEMBLEE,AGO,ORAC,non,avis de convocation assemblee generale ordinaire orange ci,https://www.brvm.org/sites/default/files/20260403_-_avis_de_convocation_-_assemblee_generale_ordinaire_-_orange_ci.pdf,2026-09-24
2026-03-31,ASSEMBLEE,AGO,CBIBF,non,avis de convocation assemblee generale ordinaire coris bank international bf,https://www.brvm.org/sites/default/files/20260331_-_avis_de_convocation_-_assemblee_generale_ordinaire_-_coris_bank_international_bf.pdf,2026-09-24
2026-03-31,DIVIDENDE,DIVIDENDE,,non,brvmdg paiement de dividendes exo 2025 boa bf,https://www.brvm.org/sites/default/files/20260331_-_avis_ndeg072_brvmdg_-_paiement_de_dividendes_exo_2025_-_boa_bf.pdf,2026-09-24
2026-03-27,ASSEMBLEE,AGO,BOAC,non,avis de convocation assemblee generale ordinaire boa ci,https://www.brvm.org/sites/default/files/20260327_-_avis_de_convocation_-_assemblee_generale_ordinaire_-_boa_ci.pdf,2026-09-24
2026-03-27,ASSEMBLEE,AGO,SNTS,non,avis de convocation assemblee generale ordinaire sonatel sn,https://www.brvm.org/sites/default/files/20260327_-_avis_de_convocation_-_assemblee_generale_ordinaire_-_sonatel_sn.pdf,2026-09-24
2026-03-25,ASSEMBLEE,AGO,SPHC,non,avis de convocation assemblee generale ordinaire saph ci,https://www.brvm.org/sites/default/files/20260325_-_avis_de_convocation_-_assemblee_generale_ordinaire_-_saph_ci.pdf,2026-09-24
2026-03-25,ASSEMBLEE,AGO,PALC,non,avis de convocation assemblee generale ordinaire palm ci,https://www.brvm.org/sites/default/files/20260325_-_avis_de_convocation_-_assemblee_generale_ordinaire_-_palm_ci.pdf,2026-09-24
2026-03-24,ASSEMBLEE,AGO,,non,avis de convocation assemblee generale ordinaire boa ml,https://www.brvm.org/sites/default/files/20260324_-_avis_de_convocation_-_assemblee_generale_ordinaire_-_boa_ml.pdf,2026-09-24
2026-03-18,ASSEMBLEE,AGO,,non,avis de convocation assemblee generale ordinaire boa ng,https://www.brvm.org/sites/default/files/20260318_-_avis_de_convocation_-_assemblee_generale_ordinaire_-_boa_ng.pdf,2026-09-24
2026-03-18,ASSEMBLEE,AGO,,non,pouvoir assemblee generale ordinaire boa ng,https://www.brvm.org/sites/default/files/20260318_-_pouvoir_-_assemblee_generale_ordinaire_-_boa_ng.pdf,2026-09-24
2026-03-17,ASSEMBLEE,AGO,,non,avis de convocation assemblee generale ordinaire boa sn,https://www.brvm.org/sites/default/files/20260317_-_avis_de_convocation_-_assemblee_generale_ordinaire_-_boa_sn.pdf,2026-09-24
2026-03-17,ASSEMBLEE,AGO,,non,pouvoir assemblee generale ordinaire boa sn,https://www.brvm.org/sites/default/files/20260317_-_pouvoir_-_assemblee_generale_ordinaire_-_boa_sn.pdf,2026-09-24
2026-03-11,ASSEMBLEE,AGO,UNLC,non,avis de convocation assemblee generale ordinaire unilever ci,https://www.brvm.org/sites/default/files/20260311_-_avis_de_convocation_-_assemblee_generale_ordinaire_-_unilever_ci.pdf,2026-09-24
2026-03-11,ASSEMBLEE,AGO,CABC,non,pouvoir assemblee generale ordinaire sicable ci annule et remplace le precedent,https://www.brvm.org/sites/default/files/20260311_-_pouvoir_-_assemblee_generale_ordinaire_-_sicable_ci_annule_et_remplace_le_precedent.pdf,2026-09-24
2025-09-30,DIVIDENDE,DIVIDENDE,SHEC,non,brvmdg paiement de dividendes exo 2024 vivo energy ci,https://www.brvm.org/sites/default/files/20250930_-_avis_ndeg240_brvmdg_-_paiement_de_dividendes_exo_2024_-_vivo_energy_ci.pdf,2026-09-24
2025-09-16,DIVIDENDE,DIVIDENDE_EXCEPTIONNEL,FTSC,non,brvmdg paiement de dividendes exercice 2024 et paiement de dividendes exceptionnels filtisac ci 0,https://www.brvm.org/sites/default/files/20250916_-_avis_ndeg230_brvmdg_-_paiement_de_dividendes_exercice_2024_et_paiement_de_dividendes_exceptionnels_-_filtisac_ci_0.pdf,2026-09-24
2025-09-11,DIVIDENDE,DIVIDENDE,PRSC,non,brvmdg paiement de dividendes exo 2024 tractafric motors ci,https://www.brvm.org/sites/default/files/20250911_-_avis_ndeg223_brvmdg_-_paiement_de_dividendes_exo_2024_-_tractafric_motors_ci.pdf,2026-09-24
2025-08-28,DIVIDENDE,DIVIDENDE,,non,brvmdg paiement de dividendes exo 2024 biic bn,https://www.brvm.org/sites/default/files/20250828_-_avis_ndeg212_brvmdg_-_paiement_de_dividendes_exo_2024_-_biic_bn.pdf,2026-09-24
2025-08-27,DIVIDENDE,DIVIDENDE,SMBC,non,brvmdg paiement de dividendes exercice 2024 smb ci,https://www.brvm.org/sites/default/files/20250827_-_avis_ndeg211_brvmdg_-_paiement_de_dividendes_exercice_2024_-_smb_ci.pdf,2026-09-24
2025-08-25,DIVIDENDE,DIVIDENDE,PALC,non,brvmdg paiement de dividendes exo 2024 palm ci,https://www.brvm.org/sites/default/files/20250825_-_avis_ndeg209_brvmdg_-_paiement_de_dividendes_exo_2024_-_palm_ci.pdf,2026-09-24
2025-07-20,DIVIDENDE,DIVIDENDE,LNBB,non,brvmdg paiement de dividendes exo 2025 loterie nationale du benin,https://www.brvm.org/sites/default/files/20250720_-_avis_ndeg211_brvmdg_-_paiement_de_dividendes_exo_2025_-_loterie_nationale_du_benin.pdf,2026-09-24
