ticker,exercice_couvert,montant,date_paiement,confiance,note
ABJC,2016,50.0,2017-07-24,ELEVEE,paiement en saison normale d'AGM (avril-decembre)
ABJC,2016,49.5,2017-07-24,ELEVEE,paiement en saison normale d'AGM (avril-decembre)
ABJC,2017,98.97,2018-06-20,ELEVEE,paiement en saison normale d'AGM (avril-decembre)
ABJC,2017,98.97,2018-06-20,ELEVEE,paiement en saison normale d'AGM (avril-decembre)
ABJC,2017,98.97,2018-06-20,ELEVEE,paiement en saison normale d'AGM (avril-decembre)
ABJC,2018,123.72,2019-05-27,ELEVEE,paiement en saison normale d'AGM (avril-decembre)
ABJC,2018,41.24,2019-09-30,ELEVEE,paiement en saison normale d'AGM (avril-decembre)
ABJC,2018,164.96,2019-09-30,ELEVEE,paiement en saison normale d'AGM (avril-decembre)
ABJC,2021,57.73,2022-08-24,ELEVEE,paiement en saison normale d'AGM (avril-decembre)
ABJC,2022,92.0,2023-08-31,ELEVEE,paiement en saison normale d'AGM (avril-decembre)
ABJC,2023,206.2,2024-09-30,ELEVEE,paiement en saison normale d'AGM (avril-decembre)
BICB,2024,254.6,2025-09-15,ELEVEE,paiement en saison normale d'AGM (avril-decembre)
BICC,2016,277.0,2017-07-24,ELEVEE,paiement en saison normale d'AGM (avril-decembre)
BICC,2016,277.14,2017-07-24,ELEVEE,paiement en saison normale d'AGM (avril-decembre)
BICC,2017,213.56,2018-07-02,ELEVEE,paiement en saison normale d'AGM (avril-decembre)
BICC,2018,182.9,2019-07-17,ELEVEE,paiement en saison normale d'AGM (avril-decembre)
BICC,2020,50.0,2021-07-06,ELEVEE,paiement en saison normale d'AGM (avril-decembre)
BICC,2021,518.0,2022-07-15,ELEVEE,paiement en saison normale d'AGM (avril-decembre)
BICC,2022,401.4,2023-07-31,ELEVEE,paiement en saison normale d'AGM (avril-decembre)
BICC,2023,540.9,2024-06-27,ELEVEE,paiement en saison normale d'AGM (avril-decembre)
BICC,2024,830.72,2025-05-23,ELEVEE,paiement en saison normale d'AGM (avril-decembre)
BICC,2025,1157.2,2026-07-06,ELEVEE,paiement en saison normale d'AGM (avril-decembre)
BNBC,2016,163.0,2017-07-11,ELEVEE,paiement en saison normale d'AGM (avril-decembre)
BNBC,2016,162.6,2017-07-11,ELEVEE,paiement en saison normale d'AGM (avril-decembre)
BNBC,2017,63.0,2018-07-25,ELEVEE,paiement en saison normale d'AGM (avril-decembre)
BNBC,2018,45.0,2019-07-19,ELEVEE,paiement en saison normale d'AGM (avril-decembre)
BNBC,2022,150.0,2023-07-24,ELEVEE,paiement en saison normale d'AGM (avril-decembre)
BOAB,2016,447.0,2017-05-15,ELEVEE,paiement en saison normale d'AGM (avril-decembre)
BOAB,2017,407.0,2018-05-15,ELEVEE,paiement en saison normale d'AGM (avril-decembre)
BOAB,2018,416.0,2019-05-22,ELEVEE,paiement en saison normale d'AGM (avril-decembre)
BOAB,2019,436.0,2020-05-15,ELEVEE,paiement en saison normale d'AGM (avril-decembre)
BOAB,2020,436.0,2021-05-20,ELEVEE,paiement en saison normale d'AGM (avril-decembre)
BOAB,2021,546.0,2022-05-25,ELEVEE,paiement en saison normale d'AGM (avril-decembre)
BOAB,2022,627.0,2023-05-25,ELEVEE,paiement en saison normale d'AGM (avril-decembre)
BOAB,2023,706.0,2024-05-27,ELEVEE,paiement en saison normale d'AGM (avril-decembre)
BOAB,2024,468.0,2025-06-03,ELEVEE,paiement en saison normale d'AGM (avril-decembre)
BOAB,2025,585.0,2026-05-26,ELEVEE,paiement en saison normale d'AGM (avril-decembre)
BOABF,2016,347.0,2017-05-04,ELEVEE,paiement en saison normale d'AGM (avril-decembre)
BOABF,2017,358.0,2018-05-07,ELEVEE,paiement en saison normale d'AGM (avril-decembre)
BOABF,2018,366.0,2019-05-02,ELEVEE,paiement en saison normale d'AGM (avril-decembre)
BOABF,2019,370.0,2020-05-04,ELEVEE,paiement en saison normale d'AGM (avril-decembre)
BOABF,2020,370.0,2021-05-03,ELEVEE,paiement en saison normale d'AGM (avril-decembre)
BOABF,2021,448.0,2022-05-04,ELEVEE,paiement en saison normale d'AGM (avril-decembre)
BOABF,2022,577.0,2023-05-05,ELEVEE,paiement en saison normale d'AGM (avril-decembre)
BOABF,2023,704.0,2024-05-06,ELEVEE,paiement en saison normale d'AGM (avril-decembre)
BOABF,2024,428.0,2025-04-22,ELEVEE,paiement en saison normale d'AGM (avril-decembre)
BOABF,2025,397.0,2026-04-23,ELEVEE,paiement en saison normale d'AGM (avril-decembre)
BOAC,2016,274.0,2017-05-08,ELEVEE,paiement en saison normale d'AGM (avril-decembre)
BOAC,2017,295.0,2018-06-06,ELEVEE,paiement en saison normale d'AGM (avril-decembre)
BOAC,2018,306.0,2019-05-20,ELEVEE,paiement en saison normale d'AGM (avril-decembre)
BOAC,2019,315.0,2020-06-15,ELEVEE,paiement en saison normale d'AGM (avril-decembre)
BOAC,2020,315.0,2021-05-12,ELEVEE,paiement en saison normale d'AGM (avril-decembre)
BOAC,2021,374.0,2022-04-28,ELEVEE,paiement en saison normale d'AGM (avril-decembre)
BOAC,2022,540.0,2023-04-28,ELEVEE,paiement en saison normale d'AGM (avril-decembre)
BOAC,2023,684.0,2024-04-29,ELEVEE,paiement en saison normale d'AGM (avril-decembre)
BOAC,2024,469.0,2025-05-20,ELEVEE,paiement en saison normale d'AGM (avril-decembre)
BOAC,2025,594.53,2026-05-06,ELEVEE,paiement en saison normale d'AGM (avril-decembre)
BOAC,2025,597.53,2026-05-06,ELEVEE,paiement en saison normale d'AGM (avril-decembre)
BOAM,2016,372.0,2017-05-02,ELEVEE,paiement en saison normale d'AGM (avril-decembre)
BOAM,2017,290.0,2018-05-31,ELEVEE,paiement en saison normale d'AGM (avril-decembre)
BOAM,2018,271.0,2019-05-15,ELEVEE,paiement en saison normale d'AGM (avril-decembre)
BOAM,2023,144.0,2024-05-21,ELEVEE,paiement en saison normale d'AGM (avril-decembre)
BOAM,2024,237.5,2025-06-03,ELEVEE,paiement en saison normale d'AGM (avril-decembre)
BOAM,2024,237.15,2025-06-03,ELEVEE,paiement en saison normale d'AGM (avril-decembre)
BOAM,2024,237.5,2025-06-03,ELEVEE,paiement en saison normale d'AGM (avril-decembre)
BOAM,2024,237.15,2025-06-03,ELEVEE,paiement en saison normale d'AGM (avril-decembre)
BOAM,2025,305.04,2026-06-03,ELEVEE,paiement en saison normale d'AGM (avril-decembre)
BOAN,2016,378.0,2017-05-19,ELEVEE,paiement en saison normale d'AGM (avril-decembre)
BOAN,2017,379.0,2018-05-31,ELEVEE,paiement en saison normale d'AGM (avril-decembre)
BOAN,2017,379.44,2018-05-31,ELEVEE,paiement en saison normale d'AGM (avril-decembre)
BOAN,2018,385.95,2019-05-27,ELEVEE,paiement en saison normale d'AGM (avril-decembre)
BOAN,2018,385.0,2019-05-27,ELEVEE,paiement en saison normale d'AGM (avril-decembre)
BOAN,2019,429.66,2020-05-20,ELEVEE,paiement en saison normale d'AGM (avril-decembre)
BOAN,2020,429.66,2021-05-06,ELEVEE,paiement en saison normale d'AGM (avril-decembre)
BOAN,2021,567.3,2022-05-12,ELEVEE,paiement en saison normale d'AGM (avril-decembre)
BOAN,2022,613.8,2023-05-25,ELEVEE,paiement en saison normale d'AGM (avril-decembre)
BOAN,2023,609.15,2024-05-31,ELEVEE,paiement en saison normale d'AGM (avril-decembre)
BOAN,2024,209.25,2025-06-03,ELEVEE,paiement en saison normale d'AGM (avril-decembre)
BOAS,2016,50.0,2017-05-15,ELEVEE,paiement en saison normale d'AGM (avril-decembre)
BOAS,2017,160.0,2018-05-02,ELEVEE,paiement en saison normale d'AGM (avril-decembre)
BOAS,2018,160.0,2019-06-03,ELEVEE,paiement en saison normale d'AGM (avril-decembre)
BOAS,2019,161.0,2020-06-19,ELEVEE,paiement en saison normale d'AGM (avril-decembre)
BOAS,2020,161.01,2021-06-01,ELEVEE,paiement en saison normale d'AGM (avril-decembre)
BOAS,2022,187.5,2023-06-01,ELEVEE,paiement en saison normale d'AGM (avril-decembre)
BOAS,2023,300.0,2024-06-27,ELEVEE,paiement en saison normale d'AGM (avril-decembre)
BOAS,2024,350.0,2025-06-02,ELEVEE,paiement en saison normale d'AGM (avril-decembre)
BOAS,2025,450.0,2026-06-01,ELEVEE,paiement en saison normale d'AGM (avril-decembre)
CABC,2016,50.0,2017-06-30,ELEVEE,paiement en saison normale d'AGM (avril-decembre)
CABC,2017,100.0,2018-05-31,ELEVEE,paiement en saison normale d'AGM (avril-decembre)
CABC,2018,75.0,2019-06-03,ELEVEE,paiement en saison normale d'AGM (avril-decembre)
CABC,2019,75.0,2020-07-29,ELEVEE,paiement en saison normale d'AGM (avril-decembre)
CABC,2020,133.0,2021-08-02,ELEVEE,paiement en saison normale d'AGM (avril-decembre)
CABC,2021,69.0,2022-08-02,ELEVEE,paiement en saison normale d'AGM (avril-decembre)
CABC,2022,69.0,2023-08-02,ELEVEE,paiement en saison normale d'AGM (avril-decembre)
CABC,2023,79.58,2024-05-31,ELEVEE,paiement en saison normale d'AGM (avril-decembre)
CABC,2024,112.72,2025-06-02,ELEVEE,paiement en saison normale d'AGM (avril-decembre)
CABC,2025,152.02,2026-06-01,ELEVEE,paiement en saison normale d'AGM (avril-decembre)
CBIBF,2016,224.0,2017-06-09,ELEVEE,paiement en saison normale d'AGM (avril-decembre)
CBIBF,2017,336.0,2018-07-05,ELEVEE,paiement en saison normale d'AGM (avril-decembre)
CBIBF,2018,402.0,2019-07-05,ELEVEE,paiement en saison normale d'AGM (avril-decembre)
CBIBF,2019,420.0,2020-07-08,ELEVEE,paiement en saison normale d'AGM (avril-decembre)
CBIBF,2020,406.0,2021-07-06,ELEVEE,paiement en saison normale d'AGM (avril-decembre)
CBIBF,2021,448.0,2022-07-06,ELEVEE,paiement en saison normale d'AGM (avril-decembre)
CBIBF,2022,525.0,2023-07-06,ELEVEE,paiement en saison normale d'AGM (avril-decembre)
CBIBF,2023,790.0,2024-07-05,ELEVEE,paiement en saison normale d'AGM (avril-decembre)
CBIBF,2024,555.0,2025-07-07,ELEVEE,paiement en saison normale d'AGM (avril-decembre)
CBIBF,2025,900.0,2026-06-19,ELEVEE,paiement en saison normale d'AGM (avril-decembre)
CFAC,2016,20.0,2017-07-24,ELEVEE,paiement en saison normale d'AGM (avril-decembre)
CFAC,2016,20.32,2017-07-24,ELEVEE,paiement en saison normale d'AGM (avril-decembre)
CFAC,2017,9.9,2018-07-27,ELEVEE,paiement en saison normale d'AGM (avril-decembre)
CFAC,2018,31.5,2019-07-23,ELEVEE,paiement en saison normale d'AGM (avril-decembre)
CFAC,2019,26.07,2020-08-25,ELEVEE,paiement en saison normale d'AGM (avril-decembre)
CFAC,2020,22.15,2021-07-15,ELEVEE,paiement en saison normale d'AGM (avril-decembre)
CFAC,2021,69.47,2022-08-02,ELEVEE,paiement en saison normale d'AGM (avril-decembre)
CFAC,2022,27.45,2023-09-15,ELEVEE,paiement en saison normale d'AGM (avril-decembre)
CFAC,2023,15.87,2024-08-30,ELEVEE,paiement en saison normale d'AGM (avril-decembre)
CFAC,2024,7.04,2025-08-19,ELEVEE,paiement en saison normale d'AGM (avril-decembre)
CIEC,2016,173.0,2017-09-20,ELEVEE,paiement en saison normale d'AGM (avril-decembre)
CIEC,2016,173.25,2017-09-20,ELEVEE,paiement en saison normale d'AGM (avril-decembre)
CIEC,2017,31.95,2018-07-20,ELEVEE,paiement en saison normale d'AGM (avril-decembre)
CIEC,2018,79.23,2019-08-09,ELEVEE,paiement en saison normale d'AGM (avril-decembre)
CIEC,2019,104.98,2020-08-05,ELEVEE,paiement en saison normale d'AGM (avril-decembre)
CIEC,2020,176.14,2021-07-14,ELEVEE,paiement en saison normale d'AGM (avril-decembre)
CIEC,2020,167.14,2021-07-14,ELEVEE,paiement en saison normale d'AGM (avril-decembre)
CIEC,2021,153.16,2022-07-25,ELEVEE,paiement en saison normale d'AGM (avril-decembre)
CIEC,2022,157.5,2023-07-31,ELEVEE,paiement en saison normale d'AGM (avril-decembre)
CIEC,2023,171.0,2024-07-30,ELEVEE,paiement en saison normale d'AGM (avril-decembre)
CIEC,2024,158.4,2025-07-31,ELEVEE,paiement en saison normale d'AGM (avril-decembre)
CIEC,2025,205.92,2026-07-28,ELEVEE,paiement en saison normale d'AGM (avril-decembre)
ECOC,2017,1844.0,2018-06-22,ELEVEE,paiement en saison normale d'AGM (avril-decembre)
ECOC,2017,368.8,2018-06-22,ELEVEE,paiement en saison normale d'AGM (avril-decembre)
ECOC,2018,241.0,2019-05-15,ELEVEE,paiement en saison normale d'AGM (avril-decembre)
ECOC,2019,353.0,2020-07-20,ELEVEE,paiement en saison normale d'AGM (avril-decembre)
ECOC,2020,294.3,2021-05-06,ELEVEE,paiement en saison normale d'AGM (avril-decembre)
ECOC,2021,420.3,2022-04-29,ELEVEE,paiement en saison normale d'AGM (avril-decembre)
ECOC,2021,549.0,2022-05-30,ELEVEE,paiement en saison normale d'AGM (avril-decembre)
ECOC,2022,549.0,2023-05-30,ELEVEE,paiement en saison normale d'AGM (avril-decembre)
ECOC,2022,549.0,2023-05-30,ELEVEE,paiement en saison normale d'AGM (avril-decembre)
ECOC,2023,594.0,2024-05-30,ELEVEE,paiement en saison normale d'AGM (avril-decembre)
ECOC,2024,707.52,2025-05-30,ELEVEE,paiement en saison normale d'AGM (avril-decembre)
ECOC,2025,781.44,2026-05-26,ELEVEE,paiement en saison normale d'AGM (avril-decembre)
ETIT,2016,1.0,2017-04-28,ELEVEE,paiement en saison normale d'AGM (avril-decembre)
ETIT,2016,1.21,2017-04-28,ELEVEE,paiement en saison normale d'AGM (avril-decembre)
ETIT,2016,1.21,2017-04-28,ELEVEE,paiement en saison normale d'AGM (avril-decembre)
ETIT,2016,1.21,2017-04-28,ELEVEE,paiement en saison normale d'AGM (avril-decembre)
ETIT,2016,1.21,2017-04-28,ELEVEE,paiement en saison normale d'AGM (avril-decembre)
ETIT,2016,1.21,2017-04-28,ELEVEE,paiement en saison normale d'AGM (avril-decembre)
ETIT,2016,1.21,2017-04-28,ELEVEE,paiement en saison normale d'AGM (avril-decembre)
ETIT,2016,1.21,2017-04-28,ELEVEE,paiement en saison normale d'AGM (avril-decembre)
ETIT,2021,0.9,2022-06-20,ELEVEE,paiement en saison normale d'AGM (avril-decembre)
ETIT,2021,0.9,2022-06-20,ELEVEE,paiement en saison normale d'AGM (avril-decembre)
ETIT,2022,0.6,2023-06-08,ELEVEE,paiement en saison normale d'AGM (avril-decembre)
ETIT,2025,0.92,2026-06-30,ELEVEE,paiement en saison normale d'AGM (avril-decembre)
FTSC,,261.0,2018-01-09,MANQUANT,"paiement de janvier : la regle -2 est explicitement contredite pour FTSC par l'avis BRVM N 072-2017/DC/BR/DG (exercice 2016 confirme paye le 31/07/2017, pas en janvier) -- non devine, a verifier au cas par cas"
FTSC,,561.0,2018-01-09,MANQUANT,"paiement de janvier : la regle -2 est explicitement contredite pour FTSC par l'avis BRVM N 072-2017/DC/BR/DG (exercice 2016 confirme paye le 31/07/2017, pas en janvier) -- non devine, a verifier au cas par cas"
FTSC,,561.25,2018-01-09,MANQUANT,"paiement de janvier : la regle -2 est explicitement contredite pour FTSC par l'avis BRVM N 072-2017/DC/BR/DG (exercice 2016 confirme paye le 31/07/2017, pas en janvier) -- non devine, a verifier au cas par cas"
FTSC,2017,161.27,2018-08-16,ELEVEE,paiement en saison normale d'AGM (avril-decembre)
FTSC,2018,110.0,2019-07-31,ELEVEE,paiement en saison normale d'AGM (avril-decembre)
FTSC,2019,125.0,2020-08-06,ELEVEE,paiement en saison normale d'AGM (avril-decembre)
FTSC,2020,235.0,2021-07-30,ELEVEE,paiement en saison normale d'AGM (avril-decembre)
FTSC,2023,143.1,2024-09-30,ELEVEE,paiement en saison normale d'AGM (avril-decembre)
FTSC,2024,1726.56,2025-09-30,ELEVEE,paiement en saison normale d'AGM (avril-decembre)
LNBB,2024,275.5,2025-07-31,ELEVEE,paiement en saison normale d'AGM (avril-decembre)
NEIC,2000,9.0,2001-06-28,ELEVEE,paiement en saison normale d'AGM (avril-decembre)
NEIC,2022,35.25,2023-09-22,ELEVEE,paiement en saison normale d'AGM (avril-decembre)
NEIC,2023,81.78,2024-06-25,ELEVEE,paiement en saison normale d'AGM (avril-decembre)
NSBC,,0.0,,MANQUANT,"date de paiement illisible, format non reconnu"
NSBC,2017,466.1,2018-06-25,ELEVEE,paiement en saison normale d'AGM (avril-decembre)
NSBC,2018,194.2,2019-07-09,ELEVEE,paiement en saison normale d'AGM (avril-decembre)
NSBC,2019,77.69,2020-07-27,ELEVEE,paiement en saison normale d'AGM (avril-decembre)
NSBC,2022,363.6,2023-07-07,ELEVEE,paiement en saison normale d'AGM (avril-decembre)
NSBC,2023,454.83,2024-07-08,ELEVEE,paiement en saison normale d'AGM (avril-decembre)
NSBC,2024,668.15,2025-07-09,ELEVEE,paiement en saison normale d'AGM (avril-decembre)
NTLC,2010,32.0,2011-08-12,ELEVEE,paiement en saison normale d'AGM (avril-decembre)
NTLC,2010,31.5,2011-08-12,ELEVEE,paiement en saison normale d'AGM (avril-decembre)
NTLC,2020,363.67,2021-07-30,ELEVEE,paiement en saison normale d'AGM (avril-decembre)
NTLC,2021,856.8,2022-08-02,ELEVEE,paiement en saison normale d'AGM (avril-decembre)
NTLC,2022,728.1,2023-08-08,ELEVEE,paiement en saison normale d'AGM (avril-decembre)
NTLC,2023,675.0,2024-08-20,ELEVEE,paiement en saison normale d'AGM (avril-decembre)
NTLC,2024,721.6,2025-08-18,ELEVEE,paiement en saison normale d'AGM (avril-decembre)
ONTBF,2016,619.0,2017-06-01,ELEVEE,paiement en saison normale d'AGM (avril-decembre)
ONTBF,2017,727.91,2018-06-06,ELEVEE,paiement en saison normale d'AGM (avril-decembre)
ONTBF,2017,363.96,2018-06-06,ELEVEE,paiement en saison normale d'AGM (avril-decembre)
ONTBF,2018,409.36,2019-06-03,ELEVEE,paiement en saison normale d'AGM (avril-decembre)
ONTBF,2019,387.17,2020-06-10,ELEVEE,paiement en saison normale d'AGM (avril-decembre)
ONTBF,2020,399.56,2021-06-01,ELEVEE,paiement en saison normale d'AGM (avril-decembre)
ONTBF,2021,416.58,2022-06-15,ELEVEE,paiement en saison normale d'AGM (avril-decembre)
ONTBF,2022,287.88,2023-06-26,ELEVEE,paiement en saison normale d'AGM (avril-decembre)
ONTBF,2023,226.45,2024-07-31,ELEVEE,paiement en saison normale d'AGM (avril-decembre)
ONTBF,2023,266.45,2024-07-31,ELEVEE,paiement en saison normale d'AGM (avril-decembre)
ONTBF,2024,189.53,2025-07-21,ELEVEE,paiement en saison normale d'AGM (avril-decembre)
ONTBF,2025,145.32,2026-06-15,ELEVEE,paiement en saison normale d'AGM (avril-decembre)
ORAC,2022,752.76,2023-06-15,ELEVEE,paiement en saison normale d'AGM (avril-decembre)
ORAC,2023,780.0,2024-06-03,ELEVEE,paiement en saison normale d'AGM (avril-decembre)
ORAC,2023,780.0,2024-06-03,ELEVEE,paiement en saison normale d'AGM (avril-decembre)
ORAC,2024,660.0,2025-06-04,ELEVEE,paiement en saison normale d'AGM (avril-decembre)
ORAC,2025,704.0,2026-06-08,ELEVEE,paiement en saison normale d'AGM (avril-decembre)
ORGT,2018,56.73,2019-07-01,ELEVEE,paiement en saison normale d'AGM (avril-decembre)
ORGT,2019,59.52,2020-07-17,ELEVEE,paiement en saison normale d'AGM (avril-decembre)
PALC,2016,120.0,2017-09-29,ELEVEE,paiement en saison normale d'AGM (avril-decembre)
PALC,2016,120.3,2017-09-29,ELEVEE,paiement en saison normale d'AGM (avril-decembre)
PALC,2017,253.47,2018-09-24,ELEVEE,paiement en saison normale d'AGM (avril-decembre)
PALC,2020,102.51,2021-08-27,ELEVEE,paiement en saison normale d'AGM (avril-decembre)
PALC,2021,1236.34,2022-08-31,ELEVEE,paiement en saison normale d'AGM (avril-decembre)
PALC,2022,1213.63,2023-07-19,ELEVEE,paiement en saison normale d'AGM (avril-decembre)
PALC,2023,563.31,2024-07-26,ELEVEE,paiement en saison normale d'AGM (avril-decembre)
PALC,2024,451.45,2025-09-10,ELEVEE,paiement en saison normale d'AGM (avril-decembre)
PALC,2025,441.04,2026-06-29,ELEVEE,paiement en saison normale d'AGM (avril-decembre)
PRSC,2016,13500.0,2017-09-25,ELEVEE,paiement en saison normale d'AGM (avril-decembre)
PRSC,2017,3839.0,2018-08-31,ELEVEE,paiement en saison normale d'AGM (avril-decembre)
PRSC,2018,9623.0,2019-09-18,ELEVEE,paiement en saison normale d'AGM (avril-decembre)
PRSC,2018,150.36,2019-09-18,ELEVEE,paiement en saison normale d'AGM (avril-decembre)
PRSC,2019,159.3,2020-09-01,ELEVEE,paiement en saison normale d'AGM (avril-decembre)
PRSC,2020,162.9,2021-09-02,ELEVEE,paiement en saison normale d'AGM (avril-decembre)
PRSC,2021,175.86,2022-08-30,ELEVEE,paiement en saison normale d'AGM (avril-decembre)
PRSC,2022,224.1,2023-09-13,ELEVEE,paiement en saison normale d'AGM (avril-decembre)
PRSC,2023,182.7,2024-09-24,ELEVEE,paiement en saison normale d'AGM (avril-decembre)
PRSC,2024,182.16,2025-09-30,ELEVEE,paiement en saison normale d'AGM (avril-decembre)
SAFC,2010,576.0,2011-07-29,ELEVEE,paiement en saison normale d'AGM (avril-decembre)
SAFC,2010,23.04,2011-07-29,ELEVEE,paiement en saison normale d'AGM (avril-decembre)
SCRC,2016,137.0,2017-09-29,ELEVEE,paiement en saison normale d'AGM (avril-decembre)
SCRC,2016,137.25,2017-09-29,ELEVEE,paiement en saison normale d'AGM (avril-decembre)
SCRC,2017,72.0,2018-09-28,ELEVEE,paiement en saison normale d'AGM (avril-decembre)
SCRC,2020,40.5,2021-08-20,ELEVEE,paiement en saison normale d'AGM (avril-decembre)
SDCC,2016,270.0,2017-09-28,ELEVEE,paiement en saison normale d'AGM (avril-decembre)
SDCC,2017,270.0,2018-08-29,ELEVEE,paiement en saison normale d'AGM (avril-decembre)
SDCC,2018,270.0,2019-10-29,ELEVEE,paiement en saison normale d'AGM (avril-decembre)
SDCC,2019,292.5,2020-09-25,ELEVEE,paiement en saison normale d'AGM (avril-decembre)
SDCC,2020,337.5,2021-07-27,ELEVEE,paiement en saison normale d'AGM (avril-decembre)
SDCC,2021,432.0,2022-10-21,ELEVEE,paiement en saison normale d'AGM (avril-decembre)
SDCC,2022,450.0,2023-09-15,ELEVEE,paiement en saison normale d'AGM (avril-decembre)
SDCC,2023,481.5,2024-09-25,ELEVEE,paiement en saison normale d'AGM (avril-decembre)
SDCC,2024,352.0,2025-09-30,ELEVEE,paiement en saison normale d'AGM (avril-decembre)
SDSC,2016,180.0,2017-07-13,ELEVEE,paiement en saison normale d'AGM (avril-decembre)
SDSC,2017,182.0,2018-05-30,ELEVEE,paiement en saison normale d'AGM (avril-decembre)
SDSC,2018,184.0,2019-06-06,ELEVEE,paiement en saison normale d'AGM (avril-decembre)
SDSC,2019,100.0,2020-12-18,ELEVEE,paiement en saison normale d'AGM (avril-decembre)
SDSC,2020,100.0,2021-08-11,ELEVEE,paiement en saison normale d'AGM (avril-decembre)
SDSC,2021,130.0,2022-06-23,ELEVEE,paiement en saison normale d'AGM (avril-decembre)
SDSC,2022,92.0,2023-11-20,ELEVEE,paiement en saison normale d'AGM (avril-decembre)
SDSC,2023,92.0,2024-12-12,ELEVEE,paiement en saison normale d'AGM (avril-decembre)
SDSC,2024,92.0,2025-08-29,ELEVEE,paiement en saison normale d'AGM (avril-decembre)
SEMC,2016,677.0,2017-09-29,ELEVEE,paiement en saison normale d'AGM (avril-decembre)
SEMC,2016,676.8,2017-09-29,ELEVEE,paiement en saison normale d'AGM (avril-decembre)
SEMC,2016,16.92,2017-09-29,ELEVEE,paiement en saison normale d'AGM (avril-decembre)
SEMC,2020,14.4,2021-12-28,ELEVEE,paiement en saison normale d'AGM (avril-decembre)
SEMC,2020,14.0,2021-12-28,ELEVEE,paiement en saison normale d'AGM (avril-decembre)
SGBC,2016,584.0,2017-07-04,ELEVEE,paiement en saison normale d'AGM (avril-decembre)
SGBC,2016,583.7,2017-07-04,ELEVEE,paiement en saison normale d'AGM (avril-decembre)
SGBC,2017,585.0,2018-07-17,ELEVEE,paiement en saison normale d'AGM (avril-decembre)
SGBC,2018,206.0,2019-07-31,ELEVEE,paiement en saison normale d'AGM (avril-decembre)
SGBC,2019,273.0,2020-07-29,ELEVEE,paiement en saison normale d'AGM (avril-decembre)
SGBC,2020,368.3,2021-06-30,ELEVEE,paiement en saison normale d'AGM (avril-decembre)
SGBC,2021,1004.93,2022-06-10,ELEVEE,paiement en saison normale d'AGM (avril-decembre)
SGBC,2022,1112.43,2023-05-31,ELEVEE,paiement en saison normale d'AGM (avril-decembre)
SGBC,2023,1553.85,2024-06-25,ELEVEE,paiement en saison normale d'AGM (avril-decembre)
SGBC,2024,1645.78,2025-08-05,ELEVEE,paiement en saison normale d'AGM (avril-decembre)
SHEC,2016,33.0,2017-07-27,ELEVEE,paiement en saison normale d'AGM (avril-decembre)
SHEC,2016,33.3,2017-07-27,ELEVEE,paiement en saison normale d'AGM (avril-decembre)
SHEC,2017,42.86,2018-07-23,ELEVEE,paiement en saison normale d'AGM (avril-decembre)
SHEC,2018,64.29,2019-08-02,ELEVEE,paiement en saison normale d'AGM (avril-decembre)
SHEC,2019,63.9,2020-11-26,ELEVEE,paiement en saison normale d'AGM (avril-decembre)
SHEC,2021,29.0,2022-10-28,ELEVEE,paiement en saison normale d'AGM (avril-decembre)
SHEC,2022,53.0,2023-12-28,ELEVEE,paiement en saison normale d'AGM (avril-decembre)
SHEC,2023,57.0,2024-09-27,ELEVEE,paiement en saison normale d'AGM (avril-decembre)
SHEC,2024,75.29,2025-10-22,ELEVEE,paiement en saison normale d'AGM (avril-decembre)
SIBC,2016,855.0,2017-06-09,ELEVEE,paiement en saison normale d'AGM (avril-decembre)
SIBC,2017,945.0,2018-06-08,ELEVEE,paiement en saison normale d'AGM (avril-decembre)
SIBC,2017,189.0,2018-06-08,ELEVEE,paiement en saison normale d'AGM (avril-decembre)
SIBC,2018,252.0,2019-07-05,ELEVEE,paiement en saison normale d'AGM (avril-decembre)
SIBC,2019,270.0,2020-06-19,ELEVEE,paiement en saison normale d'AGM (avril-decembre)
SIBC,2020,360.0,2021-07-23,ELEVEE,paiement en saison normale d'AGM (avril-decembre)
SIBC,2021,405.0,2022-06-30,ELEVEE,paiement en saison normale d'AGM (avril-decembre)
SIBC,2022,495.0,2023-08-11,ELEVEE,paiement en saison normale d'AGM (avril-decembre)
SIBC,2023,495.0,2024-07-31,ELEVEE,paiement en saison normale d'AGM (avril-decembre)
SIBC,2024,330.0,2025-07-31,ELEVEE,paiement en saison normale d'AGM (avril-decembre)
SICC,1999,1919.0,2000-09-25,ELEVEE,paiement en saison normale d'AGM (avril-decembre)
SIVC,2016,63.0,2017-09-29,ELEVEE,paiement en saison normale d'AGM (avril-decembre)
SLBC,2016,4101.0,2017-06-08,ELEVEE,paiement en saison normale d'AGM (avril-decembre)
SLBC,2017,2322.0,2018-06-14,ELEVEE,paiement en saison normale d'AGM (avril-decembre)
SLBC,2017,2322.0,2018-06-15,ELEVEE,paiement en saison normale d'AGM (avril-decembre)
SLBC,2017,2322.0,2018-06-14,ELEVEE,paiement en saison normale d'AGM (avril-decembre)
SLBC,2018,1368.0,2019-06-06,ELEVEE,paiement en saison normale d'AGM (avril-decembre)
SLBC,2020,2736.0,2021-08-03,ELEVEE,paiement en saison normale d'AGM (avril-decembre)
SLBC,2021,4050.0,2022-08-12,ELEVEE,paiement en saison normale d'AGM (avril-decembre)
SLBC,2023,270.0,2024-08-14,ELEVEE,paiement en saison normale d'AGM (avril-decembre)
SLBC,2024,1073.6,2025-07-29,ELEVEE,paiement en saison normale d'AGM (avril-decembre)
SMBC,2011,450.0,2012-07-18,ELEVEE,paiement en saison normale d'AGM (avril-decembre)
SMBC,2017,450.0,2018-08-29,ELEVEE,paiement en saison normale d'AGM (avril-decembre)
SMBC,2018,450.0,2019-08-30,ELEVEE,paiement en saison normale d'AGM (avril-decembre)
SMBC,2020,810.0,2021-07-15,ELEVEE,paiement en saison normale d'AGM (avril-decembre)
SMBC,2021,720.0,2022-08-24,ELEVEE,paiement en saison normale d'AGM (avril-decembre)
SMBC,2022,720.0,2023-08-31,ELEVEE,paiement en saison normale d'AGM (avril-decembre)
SMBC,2023,1080.0,2024-09-30,ELEVEE,paiement en saison normale d'AGM (avril-decembre)
SMBC,2024,616.0,2025-09-15,ELEVEE,paiement en saison normale d'AGM (avril-decembre)
SNTS,2016,1500.0,2017-05-15,ELEVEE,paiement en saison normale d'AGM (avril-decembre)
SNTS,2017,1500.0,2018-05-23,ELEVEE,paiement en saison normale d'AGM (avril-decembre)
SNTS,2018,1500.0,2019-05-14,ELEVEE,paiement en saison normale d'AGM (avril-decembre)
SNTS,2019,1225.0,2020-05-20,ELEVEE,paiement en saison normale d'AGM (avril-decembre)
SNTS,2020,1225.0,2021-05-17,ELEVEE,paiement en saison normale d'AGM (avril-decembre)
SNTS,2021,1400.0,2022-05-18,ELEVEE,paiement en saison normale d'AGM (avril-decembre)
SNTS,2022,1500.0,2023-05-30,ELEVEE,paiement en saison normale d'AGM (avril-decembre)
SNTS,2023,1575.0,2024-05-17,ELEVEE,paiement en saison normale d'AGM (avril-decembre)
SNTS,2024,1655.0,2025-05-22,ELEVEE,paiement en saison normale d'AGM (avril-decembre)
SNTS,2025,1740.0,2026-05-26,ELEVEE,paiement en saison normale d'AGM (avril-decembre)
SOGC,2016,320.0,2017-07-31,ELEVEE,paiement en saison normale d'AGM (avril-decembre)
SOGC,2016,320.4,2017-07-31,ELEVEE,paiement en saison normale d'AGM (avril-decembre)
SOGC,2017,432.0,2018-07-23,ELEVEE,paiement en saison normale d'AGM (avril-decembre)
SOGC,2018,126.0,2019-07-15,ELEVEE,paiement en saison normale d'AGM (avril-decembre)
SOGC,2019,126.0,2020-07-15,ELEVEE,paiement en saison normale d'AGM (avril-decembre)
SOGC,2020,250.0,2021-07-15,ELEVEE,paiement en saison normale d'AGM (avril-decembre)
SOGC,2021,541.81,2022-07-21,ELEVEE,paiement en saison normale d'AGM (avril-decembre)
SOGC,2022,558.0,2023-07-17,ELEVEE,paiement en saison normale d'AGM (avril-decembre)
SOGC,2023,207.0,2024-08-06,ELEVEE,paiement en saison normale d'AGM (avril-decembre)
SOGC,2024,528.0,2025-07-15,ELEVEE,paiement en saison normale d'AGM (avril-decembre)
SPHC,2013,116.0,2014-06-13,ELEVEE,paiement en saison normale d'AGM (avril-decembre)
SPHC,2013,116.2,2014-06-13,ELEVEE,paiement en saison normale d'AGM (avril-decembre)
SPHC,2017,78.0,2018-09-27,ELEVEE,paiement en saison normale d'AGM (avril-decembre)
SPHC,2020,132.3,2021-08-24,ELEVEE,paiement en saison normale d'AGM (avril-decembre)
SPHC,2021,365.4,2022-08-04,ELEVEE,paiement en saison normale d'AGM (avril-decembre)
SPHC,2022,294.3,2023-09-29,ELEVEE,paiement en saison normale d'AGM (avril-decembre)
SPHC,2023,64.8,2024-08-12,ELEVEE,paiement en saison normale d'AGM (avril-decembre)
SPHC,2024,323.84,2025-07-17,ELEVEE,paiement en saison normale d'AGM (avril-decembre)
STAC,,0.0,,MANQUANT,"date de paiement illisible, format non reconnu"
STAC,2020,66.15,2021-07-16,ELEVEE,paiement en saison normale d'AGM (avril-decembre)
STAC,2021,66.15,2022-07-18,ELEVEE,paiement en saison normale d'AGM (avril-decembre)
STBC,2016,4124.0,2017-06-19,ELEVEE,paiement en saison normale d'AGM (avril-decembre)
STBC,2016,206.2,2017-06-19,ELEVEE,paiement en saison normale d'AGM (avril-decembre)
STBC,2016,4124.0,2017-06-19,ELEVEE,paiement en saison normale d'AGM (avril-decembre)
STBC,2016,206.2,2017-06-19,ELEVEE,paiement en saison normale d'AGM (avril-decembre)
STBC,2020,436.12,2021-07-02,ELEVEE,paiement en saison normale d'AGM (avril-decembre)
STBC,2021,445.12,2022-07-21,ELEVEE,paiement en saison normale d'AGM (avril-decembre)
STBC,2022,551.0,2023-07-27,ELEVEE,paiement en saison normale d'AGM (avril-decembre)
STBC,2023,675.0,2024-07-29,ELEVEE,paiement en saison normale d'AGM (avril-decembre)
STBC,2024,2096.0,2025-08-29,ELEVEE,paiement en saison normale d'AGM (avril-decembre)
TTLC,2016,485.0,2017-06-30,ELEVEE,paiement en saison normale d'AGM (avril-decembre)
TTLC,2016,97.0,2017-06-30,ELEVEE,paiement en saison normale d'AGM (avril-decembre)
TTLC,2017,103.45,2018-09-28,ELEVEE,paiement en saison normale d'AGM (avril-decembre)
TTLC,2018,108.4,2019-10-11,ELEVEE,paiement en saison normale d'AGM (avril-decembre)
TTLC,2019,113.51,2020-09-25,ELEVEE,paiement en saison normale d'AGM (avril-decembre)
TTLC,2020,109.31,2021-09-27,ELEVEE,paiement en saison normale d'AGM (avril-decembre)
TTLC,2021,159.29,2022-08-25,ELEVEE,paiement en saison normale d'AGM (avril-decembre)
TTLC,2022,175.53,2023-09-21,ELEVEE,paiement en saison normale d'AGM (avril-decembre)
TTLC,2022,176.0,2023-09-21,ELEVEE,paiement en saison normale d'AGM (avril-decembre)
TTLC,2023,199.54,2024-09-12,ELEVEE,paiement en saison normale d'AGM (avril-decembre)
TTLC,2024,195.67,2025-09-03,ELEVEE,paiement en saison normale d'AGM (avril-decembre)
TTLS,2016,45.0,2017-07-25,ELEVEE,paiement en saison normale d'AGM (avril-decembre)
TTLS,2017,56.25,2018-07-27,ELEVEE,paiement en saison normale d'AGM (avril-decembre)
TTLS,2018,105.3,2019-07-29,ELEVEE,paiement en saison normale d'AGM (avril-decembre)
TTLS,2019,105.3,2020-12-22,ELEVEE,paiement en saison normale d'AGM (avril-decembre)
TTLS,2020,223.6,2021-07-30,ELEVEE,paiement en saison normale d'AGM (avril-decembre)
TTLS,2021,187.3,2022-07-22,ELEVEE,paiement en saison normale d'AGM (avril-decembre)
TTLS,2022,241.01,2023-07-13,ELEVEE,paiement en saison normale d'AGM (avril-decembre)
TTLS,2022,241.0,2023-07-13,ELEVEE,paiement en saison normale d'AGM (avril-decembre)
TTLS,2023,207.58,2024-06-28,ELEVEE,paiement en saison normale d'AGM (avril-decembre)
TTLS,2024,222.4,2025-07-11,ELEVEE,paiement en saison normale d'AGM (avril-decembre)
TTLS,2025,176.65,2026-07-17,ELEVEE,paiement en saison normale d'AGM (avril-decembre)
UNLC,2011,1233.0,2012-07-09,ELEVEE,paiement en saison normale d'AGM (avril-decembre)
UNXC,2016,174.0,2017-07-10,ELEVEE,paiement en saison normale d'AGM (avril-decembre)
UNXC,2016,173.6,2017-07-10,ELEVEE,paiement en saison normale d'AGM (avril-decembre)
UNXC,2017,173.7,2018-07-13,ELEVEE,paiement en saison normale d'AGM (avril-decembre)
UNXC,2018,181.8,2019-07-11,ELEVEE,paiement en saison normale d'AGM (avril-decembre)
UNXC,2020,18.0,2021-07-16,ELEVEE,paiement en saison normale d'AGM (avril-decembre)
UNXC,2021,60.75,2022-07-29,ELEVEE,paiement en saison normale d'AGM (avril-decembre)
