sha256,ticker,exercice,resultat_net,resultat_net_n1,total_actif,total_passif,capitaux_propres,source_type,statut_donnee,strategie,unite,note,source_url,date_extraction_utc
c7cf0f30ea515f766c064848bd41da0f2ce80652ab925970ef164be17e7905f0,SIVC,2020,-2462719856.0,-26523307.0,,,,NATIF,PROBABLE,pdfplumber,,"resultat net trouve, bilan complet non localise",https://www.brvm.org/sites/default/files/20210428_-_etats_financiers_-_exercice_2020_-_air_liquide_ci_1.pdf,2026-07-25T11:20:57.097017+00:00
670da39f89166fb9db162654e50437e8902acd9b7129fc0267a0a09d802e3a07,BOAB,,20.0,19143162703.0,,906823805860.0,,NATIF,PROBABLE,pdfplumber,,"resultat net trouve, bilan complet non localise",https://www.brvm.org/sites/default/files/20240403_-_etats_financiers_-_exercice_2023_-_boa_benin.pdf,2026-07-25T11:21:03.782873+00:00
cd9d6e6ee7b7fbd9f1b73ea959a105e5341e91e415d848bc5bfe52ba4e49b1c5,BOABF,,20.0,26075.0,,136741.0,,NATIF,PROBABLE,pdfplumber,,"resultat net trouve, bilan complet non localise",https://www.brvm.org/sites/default/files/20250402_-_etats_financiers_-_exercice_2024_-_boa_ci.pdf,2026-07-25T11:21:42.616983+00:00
1ba814aa3947cb1dd28a70805e337f4a635d15e3c4c783d00a9817332612ac5d,BOABF,,20.0,20069.0,,95439.0,,NATIF,PROBABLE,pdfplumber,,"resultat net trouve, bilan complet non localise",https://www.brvm.org/sites/default/files/20240314_-_etats_financiers_-_exercice_2023_-_boa_ci.pdf,2026-07-25T11:21:43.300642+00:00
019acc5d7debbfad6316b6fcf37862ab8c089095a21d4fe682fe1fe1f8e8f1db,BOABF,,20.0,9043.0,,32808.0,,NATIF,PROBABLE,pdfplumber,,"resultat net trouve, bilan complet non localise",https://www.brvm.org/sites/default/files/20221027_-_etats_financiers_-_1er_semestre_2022_-_boa_ci.pdf,2026-07-25T11:21:44.788752+00:00
24a07bf1b1476bea597cf172533102cec574fdec99a8ffa27723205cb8e4a771,BICC,,26226.0,36520.0,,1126270.0,,NATIF,PROBABLE,pdfplumber,,"resultat net trouve, bilan complet non localise",https://www.brvm.org/sites/default/files/20260417_-_etats_financiers_-_exercice_2025_-_bici_ci.pdf,2026-07-25T11:22:02.786214+00:00
bff9b89dc7197aa352166eb31ec87a6909d5d3d44186d9379bbd4e45ee6acb66,BICC,,12391.0,16694.0,920563.0,920563.0,,NATIF,PROBABLE,pdfplumber,,bilan equilibre ; unite non confirmee dans le texte,https://www.brvm.org/sites/default/files/20240502_-_etats_financiers_-_exercice_2023_-_bici_ci.pdf,2026-07-25T11:22:07.271047+00:00
7b6328fe5e9d256121a7d7adea19f3d447ca598753df0dc2bde76e5c3c693f4f,ECOC,,,,273225.0,273225.0,,NATIF,PROBABLE,camelot,,bilan equilibre ; unite non confirmee dans le texte,https://www.brvm.org/sites/default/files/20231106_-_rapport_des_commissaires_aux_comptes_-_etats_financiers_consolides_exercice_2022_-_agl_cote_divoire.pdf,2026-07-25T11:22:38.790921+00:00
567587d32dd6fc2b19d04fb0315022845f881215f89172d2566edc8e3941966c,CIEC,2025,13127.0,10101.0,2019136.0,2019136.0,40037.0,NATIF,VALIDE,pdfplumber,millions,bilan equilibre,https://www.brvm.org/sites/default/files/20260520_-_etats_financiers_syscohada_et_ifrs_-_exercice_2025_-_cie_ci.pdf,2026-07-25T11:23:09.773112+00:00
3f65befea7c97079be468425b5898ebb5cca215b53c312a38363243cc5f5f652,CIEC,2024,10101.0,10633.0,1975051.0,1975051.0,40227.0,NATIF,VALIDE,pdfplumber,millions,bilan equilibre,https://www.brvm.org/sites/default/files/20250430_-_etats_financiers_-_norme_syscohada_-_exercice_2024_-_cie_ci.pdf,2026-07-25T11:23:11.085929+00:00
794d76ecc4ce4a409798a0c11fc2dda1f3520837400a08e96363467ccc9bb961,CIEC,2023,10633.0,9819.0,1816387.0,1816387.0,38422.0,NATIF,VALIDE,pdfplumber,millions,bilan equilibre,https://www.brvm.org/sites/default/files/20240502_-_etats_financiers_syscohada_-_exercice_2023_-_cie_ci.pdf,2026-07-25T11:23:12.932781+00:00
87d3cbdb8e972f269aaeb28f691d5c6b5676c583c7b2030b8305160e0ee0336a,CIEC,,10271.0,,558201.0,558201.0,37520.0,NATIF,VALIDE,pdfplumber,millions,bilan equilibre,https://www.brvm.org/sites/default/files/20230427_-_etats_financiers_ifrs_exercice_2022_-_cie_ci.pdf,2026-07-25T11:23:14.244904+00:00
15bd166c920c1ab6a0d3466bafc6cf1711d60ee75e9b377cfbf1e585228878c2,CIEC,2022,9819.0,9757.0,1679593.0,1679593.0,,NATIF,VALIDE,pdfplumber,millions,bilan equilibre,https://www.brvm.org/sites/default/files/20230427_-_etats_financiers_syscohada_exercice_2022_-_cie_ci.pdf,2026-07-25T11:23:15.042405+00:00
d09512bcf0b0c09563c862a89af849c5f45c19ebb64cced1044e888a4bbb8f23,CIEC,2022,,,1136817.0,1136817.0,,NATIF,VALIDE,pdfplumber,millions,bilan equilibre,https://www.brvm.org/sites/default/files/20230427_-_etats_financiers_par_secteur_syscohada_exercice_2022_-_cie_ci.pdf,2026-07-25T11:23:15.663605+00:00
b0bc8eb5a52c274fe1e6a312c8be14151ce8a32e0c566d75ab62c8756e2e6e32,CIEC,,,,1254783.0,1254783.0,,NATIF,PROBABLE,camelot,,bilan equilibre ; unite non confirmee dans le texte,https://www.brvm.org/sites/default/files/20220429_-_etats_financiers_ifrs_exercice_2021_-_cie.pdf,2026-07-25T11:23:17.646638+00:00
ec4d03eec17bf74f72c27eba1a47366a670ed5e9d14b26e811e57156b6e60024,CIEC,,,,1237732.0,1237732.0,,NATIF,PROBABLE,camelot,,bilan equilibre ; unite non confirmee dans le texte,https://www.brvm.org/sites/default/files/20220429_-_etats_financiers_syscohada_exercice_2021_-_cie.pdf,2026-07-25T11:23:19.546997+00:00
9bf2b9cd5529eeff18a04b9f74cc93471146f6c14e63fea615bb75e3c96a9865,SEMC,2020,736547004.0,690339770.0,18107897642.0,18107897642.0,,NATIF,PROBABLE,pdfplumber,,bilan equilibre ; unite non confirmee dans le texte,https://www.brvm.org/sites/default/files/20210907_-_etats_financiers_-_exercice_2020_-_crown_siem_ci.pdf,2026-07-25T11:23:24.814262+00:00
1d0e7d14a9eb06b6146c399d75a4767b1afa719ff9091c58f175002d641291b2,SEMC,2019,690339770.0,-74527864.0,20201693883.0,20201693883.0,,NATIF,PROBABLE,pdfplumber,,bilan equilibre ; unite non confirmee dans le texte,https://www.brvm.org/sites/default/files/20201211_-_etats_financiers_-_exercice_2019_-_crown_siem_ci.pdf,2026-07-25T11:23:25.354581+00:00
717d5f0398d73c307508f9932c72e87af1fd9e1c2159d7cf9aa58edec152f269,SEMC,2019,690339770.0,-74527864.0,20201693883.0,20201693883.0,,NATIF,PROBABLE,pdfplumber,,bilan equilibre ; unite non confirmee dans le texte,https://www.brvm.org/sites/default/files/etats_financiers_crown_siem_2019.pdf,2026-07-25T11:23:25.971872+00:00
b7c7a1f1533ef523686b2bed043b64157f0fc96ba4207ca5999165ab3e2b5fd2,SEMC,2018,2136176.0,1427961.0,20186276.0,,,NATIF,PROBABLE,pdfplumber,milliers,"resultat net trouve, bilan complet non localise",https://www.brvm.org/sites/default/files/20190605_-_etats_financiers_exercice_2018_-_crown_siem_ci.pdf,2026-07-25T11:23:26.571207+00:00
0a0d3314f6bea6a92fe1565ac942e109c632d2047de3de7f36509712f0b77d48,ECOC,2025,57477.0,63482.0,,2054491.0,,NATIF,PROBABLE,pdfplumber,,"resultat net trouve, bilan complet non localise",https://www.brvm.org/sites/default/files/20260414_-_rapport_dactivites_et_etats_financiers_-_exercice_2025_-_ecobank_ci.pdf,2026-07-25T11:23:28.542158+00:00
ebc521320c7bcc57131517e56611ff4a9d4985e0b85e51f2da5809d4c9a8bb3d,ETIT,2024,3.331752022862878e+23,,,,,NATIF,PROBABLE,pdfplumber,,"resultat net trouve, bilan complet non localise",https://www.brvm.org/sites/default/files/20250328_-_etats_financiers_certifies_par_les_commissaires_aux_comptes_-_exercice_2024_-_eti_tg.pdf,2026-07-25T11:23:38.329498+00:00
374830d87a9d0f7e5bc8620195f8371069dfaf1f24cf148f4862b4519b36cc20,ETIT,2023,287824286430.0,,,,,NATIF,PROBABLE,pdfplumber,,"resultat net trouve, bilan complet non localise",https://www.brvm.org/sites/default/files/20240502_-_etats_financiers_-_exercice_2023_-_eti_tg.pdf,2026-07-25T11:23:43.145250+00:00
33180c064d291cfe00bd6b320f2587a20a86f1b231d73d758e9e1711ef3a515f,ETIT,2021,16553336.0,,,,,NATIF,PROBABLE,pdfplumber,,"resultat net trouve, bilan complet non localise",https://www.brvm.org/sites/default/files/20220330_-_etats_financiers_audites_exercice_2021_-_etit.pdf,2026-07-25T11:23:44.938549+00:00
957e2341220b253d6643490821eec80bdae4bd3b4aa3ec62ef2ed58695e0c852,ETIT,2021,16553336.0,,,,,NATIF,PROBABLE,pdfplumber,,"resultat net trouve, bilan complet non localise",https://www.brvm.org/sites/default/files/20220128_-_etats_financiers_exercice_2021_-_eti_tg.pdf,2026-07-25T11:23:46.568307+00:00
abfeadecfe031e1a1a6a5f162b95eda98659a5d4822ed5a45d57cc7064914262,FTSC,2025,465981.0,18595275.0,61061747.0,61061747.0,,NATIF,PROBABLE,pdfplumber,,bilan equilibre ; unite non confirmee dans le texte,https://www.brvm.org/sites/default/files/20260610_-_etats_financiers_-_exercice_2025_-_filtisac_ci.pdf,2026-07-25T11:23:47.309715+00:00
ac9b3cf054e48e2f73b01fb1b9d004ba1f686aa7681e0c697dc7c7aca94d4191,FTSC,2024,3075971.0,,61061747.0,61061747.0,,NATIF,PROBABLE,pdfplumber,,bilan equilibre ; unite non confirmee dans le texte,https://www.brvm.org/sites/default/files/20250523_-_etats_financiers_-_exercice_2024_-_filtisac_ci.pdf,2026-07-25T11:23:48.245405+00:00
f3828776782e8965af2d5194c53d2278b2a6e273d501cda686218e963bab2867,FTSC,2022,153483.0,-1276336.0,53741474.0,53741474.0,,NATIF,PROBABLE,pdfplumber,,bilan equilibre ; unite non confirmee dans le texte,https://www.brvm.org/sites/default/files/20230511_-_etats_financiers_exercice_2022_-_filtisac_ci.pdf,2026-07-25T11:23:49.335702+00:00
ebd94bc63fc28498f51263e274e62da7ecb797908e14ec17503c0f199fccb656,NTLC,,3.0,13.0,,,,NATIF,PROBABLE,pdfplumber,,"resultat net trouve, bilan complet non localise",https://www.brvm.org/sites/default/files/20250502_-_etats_financiers_-_exercice_2024_-_nestle_ci.pdf,2026-07-25T11:23:59.115835+00:00
ab15f15d6c3d062ca7faa8c137f2b90b614f4d02ecdf6eaf11a5c38f25c55852,NTLC,,121233860.0,16556698463.0,,,,NATIF,PROBABLE,pdfplumber,,"resultat net trouve, bilan complet non localise",https://www.brvm.org/sites/default/files/20240521_-_etats_financiers_-_exercice_2023_-_nestle_ci.pdf,2026-07-25T11:24:00.205381+00:00
b0b5e58e79ec6cbd581b6029e8b1ca5d7eb1f461e9554474831c11cd19ef37b6,NTLC,,0.0,,,,,NATIF,PROBABLE,pdfplumber,,"resultat net trouve, bilan complet non localise",https://www.brvm.org/sites/default/files/20230424_-_etats_financiers_exercice_2022_-_nestle_ci.pdf,2026-07-25T11:24:02.223808+00:00
d2a84ff6e4b5707188dbb15b3af004df1072f16583c62187184aad7415ea9f04,NSBC,2025,38112.0,40712.0,,3073062.0,,NATIF,PROBABLE,pdfplumber,,"resultat net trouve, bilan complet non localise",https://www.brvm.org/sites/default/files/20260513_-_etats_financiers_et_communique_-_exercice_2025_-_nsia_banque_ci.pdf,2026-07-25T11:24:03.364873+00:00
b52b131a9707a265554a2173382abba4f7c8d51ed8f2df314cb23479a33010f8,NSBC,2024,34813.0,38112.0,,2514388.0,,NATIF,PROBABLE,pdfplumber,,"resultat net trouve, bilan complet non localise",https://www.brvm.org/sites/default/files/20250325_-_etats_financiers_certifies_par_les_commissaires_aux_comptes_-_exercice_2024_-_nsia_banque_ci.pdf,2026-07-25T11:24:04.832757+00:00
933b9c4adb86f234e81fe28398ca2dae9e22104cad17868babf08f551562289b,NSBC,2023,32382.0,34813.0,,2037064.0,,NATIF,PROBABLE,pdfplumber,,"resultat net trouve, bilan complet non localise",https://www.brvm.org/sites/default/files/20240328_-_etats_financiers_-_exercice_2023_-_nsia_banque_ci.pdf,2026-07-25T11:24:06.114566+00:00
9e0cb93b9f9fac279349770cf95d578fe8d105b624fd808ea25c17f361457188,NSBC,2022,23713.0,32382.0,,1885056.0,,NATIF,PROBABLE,pdfplumber,,"resultat net trouve, bilan complet non localise",https://www.brvm.org/sites/default/files/20230331_-_etats_financiers_exercice_2022_-_nsia_banque_ci.pdf,2026-07-25T11:24:07.832052+00:00
b7d3a1117eb945d3a446112fe917456a29aa535c0a1a5fe67e58620e5902d179,NSBC,2021,7201.0,23713.0,,1644547.0,,NATIF,PROBABLE,pdfplumber,,"resultat net trouve, bilan complet non localise",https://www.brvm.org/sites/default/files/20220512_-_etats_financiers_-_exercice_2021_-_nsia_banque_ci_annule_et_remplace_le_precedent.pdf,2026-07-25T11:24:09.525874+00:00
14c973172307e8e20ecadde4d566f5a871bd957f43349c8c1137f6bd2b593858,NSBC,2021,7201.0,20998.0,,1644547.0,,NATIF,PROBABLE,pdfplumber,,"resultat net trouve, bilan complet non localise",https://www.brvm.org/sites/default/files/20220401_-_etats_financiers_exercice_2021_-_nsia_banque_ci.pdf,2026-07-25T11:24:11.277955+00:00
29b2f803402875999a4b3d12a6cc0044976914c28aec5e184018e5844f5e703c,ORAC,2025,167.8,158.2,,245.0,713.8,NATIF,PROBABLE,pdfplumber,,"resultat net trouve, bilan complet non localise",https://www.brvm.org/sites/default/files/20260608_-_etats_financiers_approuves_-_exercice_2025_-_orange_ci.pdf,2026-07-25T11:24:50.806720+00:00
18fcace22a971a48186ea783a4ec5c5d42e4c96b73cf00493062bca6e005a377,ORAC,,167.8,158.2,,245.0,713.8,NATIF,PROBABLE,pdfplumber,,"resultat net trouve, bilan complet non localise",https://www.brvm.org/sites/default/files/20260217_-_etats_financiers_-_exercice_2025_-_orange_ci.pdf,2026-07-25T11:24:52.773960+00:00
5067b47de6362133c6cc480c8bc098305385b8f509c930d1a3a332861041c204,ORAC,,158.2,154.9,,234.4,724.0,NATIF,PROBABLE,pdfplumber,,"resultat net trouve, bilan complet non localise",https://www.brvm.org/sites/default/files/20250221_-_etats_financiers_-_exercice_2024_-_orange_ci.pdf,2026-07-25T11:24:54.343172+00:00
357373b0d11bbbc109617875938f8932c9a4c627030995812e63ac0b42c6c149,PALC,,20406297.0,-345108.0,-55737873.0,-18179127.0,,NATIF,PROBABLE,pdfplumber,,bilan equilibre ; unite non confirmee dans le texte,https://www.brvm.org/sites/default/files/20260323_-_etats_financiers_-_exercice_2025_-_palm_ci.pdf,2026-07-25T11:24:55.116454+00:00
25444c511c38250c43aa08864b9d5ac036e55cfc8371dcc970af00fc0c54a044,PALC,,20406297.0,327859.0,-82786551.0,-14752595.0,,NATIF,PROBABLE,pdfplumber,,bilan equilibre ; unite non confirmee dans le texte,https://www.brvm.org/sites/default/files/20250417_-_etats_financiers_provisoires_valides_par_le_ca_-_exercice_2024_-_palm_ci.pdf,2026-07-25T11:24:55.852626+00:00
0dfdebe7956cb79e4f76fdd17cc480cd35e7c957eb393845a342cb1592bc323a,SAFC,,701.0,-165.0,74195.0,74195.0,,NATIF,PROBABLE,pdfplumber,,bilan equilibre ; unite non confirmee dans le texte,https://www.brvm.org/sites/default/files/20260609_-_etats_financiers_-_exercice_2025_-_safca_ci_annule_et_remplace_le_precedent.pdf,2026-07-25T11:24:57.355273+00:00
241fbc6904612f6c9950037d0ace3fc5ac30ce150dfa8cecc980ba9ffd31ab07,SAFC,,701.0,-165.0,74195.0,74195.0,,NATIF,PROBABLE,pdfplumber,,bilan equilibre ; unite non confirmee dans le texte,https://www.brvm.org/sites/default/files/20260602_-_etats_financiers_-_exercice_2025_-_safca_ci.pdf,2026-07-25T11:24:58.023348+00:00
69511eec065dfb6b03c4a31ae7c9011afb5eafa70446991e9b7062b4d2120194,SAFC,,-603.0,-1640.0,66533.0,66533.0,,NATIF,PROBABLE,pdfplumber,,bilan equilibre ; unite non confirmee dans le texte,https://www.brvm.org/sites/default/files/20220425_-_etats_financiers_exercice_2021_-_safca_ci.pdf,2026-07-25T11:25:02.357893+00:00
4b5b335b1a153061854e16be615b3e43832a7354eb19aeca4493d83f9197c6c0,SPHC,2025,14593620855.0,14593620855.0,222208164550.0,222208164550.0,,NATIF,PROBABLE,pdfplumber,,bilan equilibre ; unite non confirmee dans le texte,https://www.brvm.org/sites/default/files/20260318_-_etats_financiers_syscohada_-_exercice_2025_-_saph_ci.pdf,2026-07-25T11:25:03.131529+00:00
dcdee1d9ad70c49d35933a165f8148708e7342a190499d36d7c9db4980034992,SPHC,,14593620855.0,14593620855.0,195801292931.0,195801292931.0,,NATIF,PROBABLE,pdfplumber,,bilan equilibre ; unite non confirmee dans le texte,https://www.brvm.org/sites/default/files/20250319_-_etats_financiers_certifies_par_les_cacs_-_exercice_2024_-_saph_ci.pdf,2026-07-25T11:25:04.005267+00:00
b1ae9286e288516b4f18e52809d04f06c18908579cc14da6fd5537b27b118433,SPHC,,14593620855.0,14593620855.0,183889630318.0,183889630318.0,,NATIF,PROBABLE,pdfplumber,,bilan equilibre ; unite non confirmee dans le texte,https://www.brvm.org/sites/default/files/20240718_-_etats_financiers_certifies_et_approuves_par_les_cac_-_exercice_2023_-_syscohada_-_saph_ci.pdf,2026-07-25T11:25:04.840987+00:00
83377f564fb2bb5f31998bda3be15021bc588b0ac710fa67cc82d073a0b892b0,SPHC,,14593620855.0,14593620855.0,183889630318.0,183889630318.0,,NATIF,PROBABLE,pdfplumber,,bilan equilibre ; unite non confirmee dans le texte,https://www.brvm.org/sites/default/files/20240411_-_etats_financiers_-_exercice_2023_-_syscohada_-_saph_ci.pdf,2026-07-25T11:25:18.231716+00:00
f93b017bb7e6f7d35a64073fdf07a36ca90b0cd8c64ac473247e31c3784e219d,SPHC,,14593620855.0,14593620855.0,168289440330.0,168289440330.0,,NATIF,PROBABLE,pdfplumber,,bilan equilibre ; unite non confirmee dans le texte,https://www.brvm.org/sites/default/files/20230802_-_etats_financiers_certifies_et_approuves_-_exercice_2022_-_saph_ci.pdf,2026-07-25T11:25:19.052274+00:00
e4497e6d1d251bb20fb8d41d2d04a464b46f6d6b65628c2d6423bf8f227163cc,STAC,,,,11329611.0,11329611.0,,NATIF,PROBABLE,camelot,,bilan equilibre ; unite non confirmee dans le texte,https://www.brvm.org/sites/default/files/20250410_-_etats_financiers_provisoires_-_exercice_2024_-_setao_ci.pdf,2026-07-25T11:25:36.344840+00:00
3005ac1ca8bd50378ed29e3bd9d2eef2d9e963d0e193573b95ef8dc60faebd8c,STAC,,,,16260295.0,16260295.0,,NATIF,PROBABLE,camelot,,bilan equilibre ; unite non confirmee dans le texte,https://www.brvm.org/sites/default/files/20230426_-_etats_financiers_exercice_2022_-_setao_ci.pdf,2026-07-25T11:25:37.507554+00:00
52819544288e6b4798eca3c09f65476abfad596ceefd567709bb7ac6fc3ef3ac,STAC,,,,18216739.0,18216739.0,,NATIF,PROBABLE,camelot,,bilan equilibre ; unite non confirmee dans le texte,https://www.brvm.org/sites/default/files/20220426_-_etats_financiers_exercice_2021_-_setao_ci.pdf,2026-07-25T11:25:38.205984+00:00
fb0f2835c40193aac7a206754aed04927dea8d6f7981e1834dd9a56464071ee7,STAC,,,,10818813.0,10818813.0,,NATIF,PROBABLE,camelot,,bilan equilibre ; unite non confirmee dans le texte,https://www.brvm.org/sites/default/files/20210429_-_etats_financiers_-_exercice_2020_-_setao_ci.pdf,2026-07-25T11:25:38.856440+00:00
a96ed5bf4ba28beb4358f32164ba64013cf41431c8988bf31dc9914aa348d4c3,CABC,2025,1439474.0,1375096.0,15307205.0,15307205.0,,NATIF,PROBABLE,pdfplumber,,bilan equilibre ; unite non confirmee dans le texte,https://www.brvm.org/sites/default/files/20260311_-_etats_financiers_ifrs_-_exercice_2025_-_sicable_ci.pdf,2026-07-25T11:25:53.520553+00:00
af9f08a95b6283c229d4e9629785b3f4c28d860e55e3bac32c1557e9aef5760a,CABC,2025,1704451144.0,1224827540.0,19656293617.0,19656293617.0,,NATIF,PROBABLE,pdfplumber,,bilan equilibre ; unite non confirmee dans le texte,https://www.brvm.org/sites/default/files/20260310_-_etats_financiers_syscohada_-_exercice_2025_-_sicable_ci.pdf,2026-07-25T11:25:54.076579+00:00
18f5d62457f126f94a4b94eb04a82d4b97b0f60172d8c12b555d01b44933d347,CABC,2024,1224827540.0,1429806646.0,19349647741.0,19349647741.0,,NATIF,PROBABLE,pdfplumber,,bilan equilibre ; unite non confirmee dans le texte,https://www.brvm.org/sites/default/files/20250903_-_etats_financiers_-_exercice_2024_-_sicable_ci.pdf,2026-07-25T11:25:54.748956+00:00
07014163a20b318ae885a2ddfd9d759fc8587b0e9789833940699190babc5777,CABC,2024,1224827540.0,1429806646.0,19349647741.0,19349647741.0,,NATIF,PROBABLE,pdfplumber,,bilan equilibre ; unite non confirmee dans le texte,https://www.brvm.org/sites/default/files/20250313_-_etats_financiers_verifies_par_les_cacs_-_exercice_2024_-_sicable_ci.pdf,2026-07-25T11:25:55.315570+00:00
8571c8df5ecb4d209646c6cd8b8291ef059aac09cb161743320d797e3e646c74,SICC,2017,100567494.0,200831393.0,3576424374.0,3576424374.0,,NATIF,PROBABLE,pdfplumber,,bilan equilibre ; unite non confirmee dans le texte,https://www.brvm.org/sites/default/files/sicor_-_etats_financiers_2017.pdf,2026-07-25T11:25:58.841276+00:00
14b6fe429b3688fe9f19a60e7ca8183c840d2608877a0e584d284379450735bc,SICC,2015,434869656.0,68237394.0,1627179217.0,1627179217.0,,NATIF,PROBABLE,pdfplumber,,bilan equilibre ; unite non confirmee dans le texte,https://www.brvm.org/sites/default/files/20170905-_etats_financiers_exercice_2015-_sicor_ci.pdf,2026-07-25T11:25:59.444252+00:00
64eaabf2616d0d82949ae90457761da9727a1b3f01dfa40152f7cb78dafe01ea,SICC,2016,200831393.0,434869656.0,1521953318.0,1521953318.0,,NATIF,PROBABLE,pdfplumber,,bilan equilibre ; unite non confirmee dans le texte,https://www.brvm.org/sites/default/files/20170905-_etats_financiers_exercice_2016-_sicor_ci_0.pdf,2026-07-25T11:26:00.056973+00:00
494c4f9f8b6d251064bfc64158e15cad57577e73c226ecbcbcc35442fb3ad07f,SICC,2016,200831393.0,434869656.0,1521953318.0,1521953318.0,,NATIF,PROBABLE,pdfplumber,,bilan equilibre ; unite non confirmee dans le texte,https://www.brvm.org/sites/default/files/20170816-_etats_financiers_exercice_2016-_sicor_ci.pdf,2026-07-25T11:26:00.663768+00:00
9a5a69162a56a8b950ed0cbb4587355f3282a62b11e882c80f6d4aa3366f6095,SICC,2015,434869656.0,68237394.0,1627179217.0,1627179217.0,,NATIF,PROBABLE,pdfplumber,,bilan equilibre ; unite non confirmee dans le texte,https://www.brvm.org/sites/default/files/20170816-_etats_financiers_exercice_2015-_sicor_ci.pdf,2026-07-25T11:26:01.158889+00:00
df0248b0d087995af7b6fc0cf82aa228263d84f22ebe18923916fde6752f7be8,STBC,,,,94925572191.0,94925572191.0,,NATIF,PROBABLE,camelot,,bilan equilibre ; unite non confirmee dans le texte,https://www.brvm.org/sites/default/files/20260625_-_etats_financiers_-_exercice_2025_-_sitab_ci_annule_et_remplace_le_precedent.pdf,2026-07-25T11:26:02.057146+00:00
da2897f7336375b4154e745654ee9a6c75f13bc4cf1eebf3a82e022dbe65ad47,STBC,,,,94925572191.0,94925572191.0,,NATIF,PROBABLE,camelot,,bilan equilibre ; unite non confirmee dans le texte,https://www.brvm.org/sites/default/files/20260430_-_etats_financiers_syscohada_-_exercice_2025_-_sitab_ci.pdf,2026-07-25T11:26:02.931372+00:00
6d42f23f0d8cda899297f05fcfef97d70765c8e46fb8c6fb3d2457d971160636,STBC,,,,35417065559.0,35417065559.0,,NATIF,PROBABLE,camelot,,bilan equilibre ; unite non confirmee dans le texte,https://www.brvm.org/sites/default/files/20250721_-_etats_financiers_individuels_syscohada_-_sitab_ci_annule_remplace_le_precedent.pdf,2026-07-25T11:26:03.945321+00:00
aa86be9333433fcdbf372805dd8e2363c19e63da82dad213c58e8d6f4a64b425,STBC,,,,35417065559.0,35417065559.0,,NATIF,PROBABLE,camelot,,bilan equilibre ; unite non confirmee dans le texte,https://www.brvm.org/sites/default/files/20250707_-_etats_financiers_individuels_syscohada_-_sitab_ci_annule_remplace_le_precedent.pdf,2026-07-25T11:26:04.892337+00:00
a415dd20f58435f34e3fe9184097af51353ac3592d68401d83627c57f623fe61,STBC,,,,35417065559.0,35417065559.0,,NATIF,PROBABLE,camelot,,bilan equilibre ; unite non confirmee dans le texte,https://www.brvm.org/sites/default/files/20250507_-_etats_financiers_-_exercice_2024_-_sitab_ci.pdf,2026-07-25T11:26:06.134180+00:00
a1c6365ed9cc6645032f0416f7a8fec56cf79816135a02b5e39ca18dbdd668a0,STBC,,,,31612312100.0,31612312100.0,,NATIF,PROBABLE,camelot,,bilan equilibre ; unite non confirmee dans le texte,https://www.brvm.org/sites/default/files/20240605_-_etats_financiers_verifie_par_les_cac_-_exercice_2023_-_sitab_ci.pdf,2026-07-25T11:26:07.157223+00:00
ff80a5ce94a44424c3fc717ea24450835a0e256b6092c0392f6a1dbbc95f2b86,STBC,2023,11503188097.0,,,,,NATIF,PROBABLE,pdfplumber,,"resultat net trouve, bilan complet non localise",https://www.brvm.org/sites/default/files/20230814_-_attestation_dexecution_de_la_mission_de_commissariat_aux_comptes_-_etats_financiers_exercice_2022_-_sitab_ci.pdf,2026-07-25T11:26:08.898613+00:00
80d20de3b08a399d4c690e8bc88aa5fca2b969676a156f4729fee953b82aee96,STBC,2022,11503188097.0,9642415475.0,37826007574.0,37826007574.0,,NATIF,PROBABLE,pdfplumber,,bilan equilibre ; unite non confirmee dans le texte,https://www.brvm.org/sites/default/files/20230814_-_etats_financiers_certifies_et_approuves_-_exercice_2022_-_sitab_ci.pdf,2026-07-25T11:26:09.756535+00:00
f264816485f8e3dcb258dfb10b815691dce8a17b12a6d168edc8e0602d35ee32,SLBC,,,,339517.0,339517.0,,NATIF,PROBABLE,camelot,,bilan equilibre ; unite non confirmee dans le texte,https://www.brvm.org/sites/default/files/20260519_-_etats_financiers_-_exercice_2025_-_solibra_ci.pdf,2026-07-25T11:26:27.197433+00:00
3c9b07649374a35a5e9bc45173accbfb24ea7872a4dfbd5cdb8802e019bbb411,SLBC,,,,327698.0,327698.0,,NATIF,PROBABLE,camelot,,bilan equilibre ; unite non confirmee dans le texte,https://www.brvm.org/sites/default/files/20250502_-_etats_financiers_-_exercice_2024_-_solibra_ci.pdf,2026-07-25T11:26:28.595999+00:00
5fe202f9077c2b0a30ad3b0721175afc69f73ea307e0d34d2beda4231dd8a45d,SLBC,,,,334102.0,334102.0,,NATIF,PROBABLE,camelot,,bilan equilibre ; unite non confirmee dans le texte,https://www.brvm.org/sites/default/files/20240513_-_etats_financiers_de_synthese_-_exercice_2023_-_solibra_ci.pdf,2026-07-25T11:26:29.488204+00:00
1ac35f5546c4ae71505ef19b87790325cc03427d96ed2ececbc45f13887cf1f5,SLBC,,,,316350.0,316350.0,,NATIF,PROBABLE,camelot,,bilan equilibre ; unite non confirmee dans le texte,https://www.brvm.org/sites/default/files/20230512_-_etats_financiers_exercice_2022_-_solibra_ci.pdf,2026-07-25T11:26:30.322959+00:00
27c368366926b7c52f165dc485e2fbe7a22f6907bb7da09b132584256df34e3c,SLBC,,,,294111.0,294111.0,,NATIF,PROBABLE,camelot,,bilan equilibre ; unite non confirmee dans le texte,https://www.brvm.org/sites/default/files/20220603_-_etats_financiers_exercice_2021_-_solibra.pdf,2026-07-25T11:26:31.143148+00:00
0c093ecf15f9bee229f2c01c1e6adf4546b58041c056ac180580456f35c4fa17,SLBC,,,,275982.0,275982.0,,NATIF,PROBABLE,camelot,,bilan equilibre ; unite non confirmee dans le texte,https://www.brvm.org/sites/default/files/20210504_-_etats_financiers_-_exercice_2020_-_solibra_ci.pdf,2026-07-25T11:26:31.938360+00:00
8996711b83e9d09661ff6ac7e665855f0520d4a9d688f55e04dec0c347f28ed9,SLBC,,,,258729.0,258729.0,,NATIF,PROBABLE,camelot,,bilan equilibre ; unite non confirmee dans le texte,https://www.brvm.org/sites/default/files/20190405_-_etats_financiers_exercice_2018_-_solibra_ci.pdf,2026-07-25T11:26:32.673389+00:00
7adcc2719664c8a1c2294e991fb568b1f23b9fffe0ca7afdb98496cf863306ca,SNTS,2025,413588.0,393662.0,,3105287.0,1274638.0,NATIF,PROBABLE,pdfplumber,,"resultat net trouve, bilan complet non localise",https://www.brvm.org/sites/default/files/20260216_-_etats_financiers_2025_et_attestation_des_cac_-_sonatel_sn.pdf,2026-07-25T11:26:35.771978+00:00
105c1756580297199e82fb2dbfd8942644049e1e90dd6df51d2a37dd855e794e,SNTS,2024,331.7,393.0,,2252192.0,898523.0,NATIF,PROBABLE,pdfplumber,,"resultat net trouve, bilan complet non localise",https://www.brvm.org/sites/default/files/20250221_-_etats_financiers_-_exercice_2024_-_sonatel_sn.pdf,2026-07-25T11:26:40.198071+00:00
b687360df23964d97c5e912fa96598dbee06cb55ce62f284290633869dca656e,SNTS,2023,331748328.0,278912390.0,,2063844216.0,821250129.0,NATIF,PROBABLE,pdfplumber,,"resultat net trouve, bilan complet non localise",https://www.brvm.org/sites/default/files/20240222_-_etats_financiers_-_exercice_2023_-_sonatel_sn.pdf,2026-07-25T11:26:42.598661+00:00
4c9645d3df1e64a72ba94abe5f369a2fcbbd16de32fa9dea05a15aa5828a3805,SCRC,,-7953932.0,2473760.0,133450356.0,133450356.0,,NATIF,PROBABLE,pdfplumber,,bilan equilibre ; unite non confirmee dans le texte,https://www.brvm.org/sites/default/files/20260518_-_etats_financiers_-_exercice_2025_-_sucrivoire_ci_annule_et_remplace_le_precedent.pdf,2026-07-25T11:26:43.307959+00:00
41f7ae8e047b389905c12d768a0a8c9fb28ac8d6db61919432c4a556499b8cfd,SCRC,,-7953932.0,2473760.0,133450356.0,133450356.0,,NATIF,PROBABLE,pdfplumber,,bilan equilibre ; unite non confirmee dans le texte,https://www.brvm.org/sites/default/files/20260430_-_etats_financiers_ifrs_-_exercice_2025_-_sucrivoire_ci_0.pdf,2026-07-25T11:26:44.212453+00:00
7f7aa9f5aa33f5c6e6ab30424903ad574c7e9e0393221f858e1e4620860ecf40,SCRC,,-9010129.0,-6991817.0,131234880.0,131234880.0,,NATIF,PROBABLE,pdfplumber,,bilan equilibre ; unite non confirmee dans le texte,https://www.brvm.org/sites/default/files/20240510_-_etats_financiers_ifrs_-_exercice_2023_-_sucrivoire_ci.pdf,2026-07-25T11:26:50.130802+00:00
3394c51a3b858400387ae3c356410b0df3ad4262e8d338835b8459fe7a8b57cb,SCRC,,-6991817.0,-6860314.0,112594546.0,112594546.0,,NATIF,PROBABLE,pdfplumber,,bilan equilibre ; unite non confirmee dans le texte,https://www.brvm.org/sites/default/files/20230612_-_etats_financiers_ifrs_exercice_2022_-_sucrivoire_ci_0.pdf,2026-07-25T11:26:50.962024+00:00
40e6b3ff3219dfd1c694a6f505745dfcdda1c57331e6ce47b02a3459d3dc2405,TTLS,,,,191526.0,191526.0,,NATIF,PROBABLE,camelot,,bilan equilibre ; unite non confirmee dans le texte,https://www.brvm.org/sites/default/files/20260601_-_etats_financiers_approuves_-_exercice_2025_-_totalenergies_marketing_ci.pdf,2026-07-25T11:26:52.793065+00:00
5c63eeb892410877f72cff218312a49bdaf9534ff6562bcfecfa73204e3fa834,TTLS,,,,191526.0,191526.0,,NATIF,PROBABLE,camelot,,bilan equilibre ; unite non confirmee dans le texte,https://www.brvm.org/sites/default/files/20260331_-_etats_financiers_syscohada_-_exercice_2025_-_totalenergies_marketing_ci.pdf,2026-07-25T11:26:54.393055+00:00
f8253e13210d0ce50f2504f5b6f5337f4493a5ea408a9246c8b320f9c189db59,TTLS,,,,167625.0,167625.0,,NATIF,PROBABLE,camelot,,bilan equilibre ; unite non confirmee dans le texte,https://www.brvm.org/sites/default/files/20250430_-_etats_financiers_-_exercice_2024_-_totalenergies_marketing_ci.pdf,2026-07-25T11:26:55.543953+00:00
e2c811b40fbd143c454c64d62d8a160da65bd5a30a69a148a2197573d0fbaf5b,TTLS,,8.709,,,,,NATIF,PROBABLE,pdfplumber,,"resultat net trouve, bilan complet non localise",https://www.brvm.org/sites/default/files/20240910_-_etats_financiers_definitifs_2023_-_totalenergies_marketing_ci.pdf,2026-07-25T11:26:56.167615+00:00
b1efa1e1686e5524dd51f1471ddfdddce577ab794c31c05a843ce0a667ed12e1,TTLS,,8.709,,,,,NATIF,PROBABLE,pdfplumber,,"resultat net trouve, bilan complet non localise",https://www.brvm.org/sites/default/files/20240429_-_etats_financiers_provisoires_2023_rapport_dactivite_1er_trimestre_2024_-_totalenergies_marketing_ci_1.pdf,2026-07-25T11:26:56.834530+00:00
0b8c08cef9f9adc2bb81d5f8ab34174a811bf84a964f32ba131014f150d914ac,TTLS,,55412.0,55441.0,156297.0,156297.0,,NATIF,PROBABLE,pdfplumber,,bilan equilibre ; unite non confirmee dans le texte,https://www.brvm.org/sites/default/files/20230630_-_etats_financiers_certifies_et_approuves_exercice_2022_-_totalenergies_marketing_ci.pdf,2026-07-25T11:26:57.559684+00:00
80d09ed8167af71ffcb97da9fd13f994d1069ada06fc00b2903674a997fb76bb,TTLS,,,,156297.0,156297.0,,NATIF,PROBABLE,pdfplumber,,bilan equilibre ; unite non confirmee dans le texte,https://www.brvm.org/sites/default/files/20230427_-_etats_financiers_exercice_2022_-_totalenergies_marketing_ci.pdf,2026-07-25T11:26:58.380715+00:00
22cfbb09abd9b9136f7deebe5b81310b1272f4d31de99a37d03b5c69b7464dc9,TTLS,,6779.0,7140.0,,,,NATIF,PROBABLE,pdfplumber,millions,"resultat net trouve, bilan complet non localise",https://www.brvm.org/sites/default/files/20260430_-_etats_financiers_ifrs_-_exercice_2025_-_totalenergies_marketing_sn.pdf,2026-07-25T11:26:58.916669+00:00
37ea478caa43f4cbf645eec7e6e38c4d37118a016c7ab1375d3d70616938d292,TTLS,2025,6146527.0,7090811.0,,,,NATIF,PROBABLE,pdfplumber,,"resultat net trouve, bilan complet non localise",https://www.brvm.org/sites/default/files/20260430_-_etats_financiers_syscohada_-_exercice_2025_-_totalenergies_marketing_sn.pdf,2026-07-25T11:26:59.632699+00:00
7a421c6da5a67c2629c310c24ea31cd311fc9afcb3b31356577fcce5b06b5f01,TTLS,,7140.0,3981.0,,,,NATIF,PROBABLE,pdfplumber,millions,"resultat net trouve, bilan complet non localise",https://www.brvm.org/sites/default/files/20250502_-_etats_financiers_-_norme_ifrs_-_exercice_2024_-_totalenergies_marketing_sn.pdf,2026-07-25T11:27:00.394879+00:00
1d306935785dab7e52b60ee9694c1d9e4958c41f5aaf1362fa6811fc4c4fa50b,TTLS,,1819.0,6631.0,,,,NATIF,PROBABLE,pdfplumber,millions,"resultat net trouve, bilan complet non localise",https://www.brvm.org/sites/default/files/20240430_-_etats_financiers_consolides_ifrs_-_exercice_2023_-_totalenergies_marketing_senegal.pdf,2026-07-25T11:27:02.520995+00:00
6f433386cad31b2dd2e295893a32645889ba847bf69ade9c5901558777029fc6,TTLS,2023,4222465.0,8475035.0,199056097.0,,,NATIF,PROBABLE,pdfplumber,,"resultat net trouve, bilan complet non localise",https://www.brvm.org/sites/default/files/20240430_-_etats_financiers_-_exercice_2023_-_totalenergies_marketing_senegal.pdf,2026-07-25T11:27:03.504369+00:00
54996ba5f9bb4be18b42129011aa68d44a30b3ad0f5b393e90f62c966a54b5b2,PRSC,,2084.0,3644.0,-9730.0,-3145.0,11480.0,NATIF,PROBABLE,pdfplumber,,bilan equilibre ; unite non confirmee dans le texte,https://www.brvm.org/sites/default/files/20240530_-_etats_financiers_-_exercice_2023_-_tractafric_motors_ci_annule_et_remplace_le_precedent.pdf,2026-07-25T11:27:12.870396+00:00
febc6bdcf38e0fc2678e4a045dd1a351d078a1ddb06a58b78e479518662da269,PRSC,,3644.0,3067.0,-6318.0,-3316.0,9837.0,NATIF,PROBABLE,pdfplumber,,bilan equilibre ; unite non confirmee dans le texte,https://www.brvm.org/sites/default/files/20230803_-_etats_financiers_certifies_et_approuves_-_exercice_2022_-_tractafric_motors_ci.pdf,2026-07-25T11:27:15.730960+00:00
3ff3b60738a5f3f67eaa91acb1474c670847ec8e37690b5456b89c68a32c109e,UNLC,,3.0,13078589800.0,-7471891536.0,15548055734.0,-11299190951.0,NATIF,PROBABLE,pdfplumber,,bilan equilibre ; unite non confirmee dans le texte,https://www.brvm.org/sites/default/files/20240904_-_etats_financiers_-_exercice_2023_-_unilever_ci.pdf,2026-07-25T11:27:19.979878+00:00
4a832d1aac81b30097e97d31e0bdae9bc6be3b0c9146efd4471a4859dcf2a42c,UNXC,,-2035492389.0,-1298674972.0,39705901306.0,39705901306.0,,NATIF,PROBABLE,pdfplumber,,bilan equilibre ; unite non confirmee dans le texte,https://www.brvm.org/sites/default/files/20240430_-_etats_financiers_de_synthese_projets_daffectation_non_verifies_par_les_cac_-_exercice_2023_-_uniwax_ci.pdf,2026-07-25T11:27:29.348267+00:00
222265faff386e8742a8e39e9495094c8c8266147cdca77ebdb090d2d47f8086,UNXC,,-1298674972.0,1400692889.0,37292681535.0,37292681535.0,,NATIF,PROBABLE,pdfplumber,,bilan equilibre ; unite non confirmee dans le texte,https://www.brvm.org/sites/default/files/20230606_-_etats_financiers_exercice_certifies_-_uniwax_ci.pdf,2026-07-25T11:27:30.063155+00:00
7f2dd2146740f54cd238472cbfdf9fa94bbd46e552d1e19794b6a26b61ae99d7,UNXC,,-1298674972.0,1400692889.0,37292681535.0,37292681535.0,,NATIF,PROBABLE,pdfplumber,,bilan equilibre ; unite non confirmee dans le texte,https://www.brvm.org/sites/default/files/20230428_-_etats_financiers_exercice_2022_-_uniwax_ci.pdf,2026-07-25T11:27:30.900356+00:00
277561a25bf346b5fe2432d0df021902b95369d93d83daad4240e49a3a30b3d5,UNXC,,1400692889.0,231265060.0,32742029278.0,32742029278.0,,NATIF,PROBABLE,pdfplumber,,bilan equilibre ; unite non confirmee dans le texte,https://www.brvm.org/sites/default/files/20220613_-_etats_financiers_certifies_exercice_2021_-_uniwax_ci.pdf,2026-07-25T11:27:31.709530+00:00
f7adc8c32ecba082e091bb8bde723fc19cea90d455bab0425faf789824379da3,UNXC,,1400692889.0,231265060.0,32742029278.0,32742029278.0,,NATIF,PROBABLE,pdfplumber,,bilan equilibre ; unite non confirmee dans le texte,https://www.brvm.org/sites/default/files/20220429_-_etats_financiers_exercice_2021_-_uniwax_ci.pdf,2026-07-25T11:27:32.440262+00:00
ef2b7d1d6739aef4f55342e5d55e689a620475a138638cd0f55a51343e6f431e,SHEC,2025,6028125958.0,5353993378.0,207064380555.0,207064380555.0,,NATIF,PROBABLE,pdfplumber,,bilan equilibre ; unite non confirmee dans le texte,https://www.brvm.org/sites/default/files/20260603_-_etats_financiers_-_exercice_2025_-_vivo_energy.pdf,2026-07-25T11:27:33.140015+00:00
b88401ae19d81d9dcd4a1723cd1929bad8c0269dfa811c06e7c9b878b58b61c0,SHEC,2024,5353993378.0,4011602748.0,168468608785.0,168468608785.0,,NATIF,PROBABLE,pdfplumber,,bilan equilibre ; unite non confirmee dans le texte,https://www.brvm.org/sites/default/files/20250516_-_etats_financiers_2024_et_rapport_dactivites_du_1er_trimestre_2025_-_vivo_energy_ci.pdf,2026-07-25T11:27:34.208639+00:00
72c486c8cb9effaba181f357bfb8267723769149d8770ace882386d2992a1c73,SHEC,2023,4011602748.0,3548638458.0,119461700193.0,119461700193.0,,NATIF,PROBABLE,pdfplumber,,bilan equilibre ; unite non confirmee dans le texte,https://www.brvm.org/sites/default/files/20240606_-_etats_financiers_provisoire_-_exercice_2023_-_vivo_energy_ci.pdf,2026-07-25T11:27:35.425183+00:00
f89382a6df04d4d360f245548c0c8d5217e6172410c235a63aeb7c6065f75f08,SHEC,2022,3548638458.0,2359622661.0,101262735128.0,101262735128.0,,NATIF,PROBABLE,pdfplumber,,bilan equilibre ; unite non confirmee dans le texte,https://www.brvm.org/sites/default/files/20231103_-_etats_financiers_-_exercice_2022_-_vivo_energy_ci.pdf,2026-07-25T11:27:36.202346+00:00
55774bb97479700a7b762180d2fcd25ac012d0c191f7b919a357ecf17c4e0a26,SHEC,2021,2359622661.0,-4788012834.0,80833632309.0,80833632309.0,,NATIF,PROBABLE,pdfplumber,,bilan equilibre ; unite non confirmee dans le texte,https://www.brvm.org/sites/default/files/20220906_-_etats_financiers_exercice_2021_-_vivo_energy_ci.pdf,2026-07-25T11:27:39.317846+00:00
24bafa7793196af623ca95567a12f2308f6b4f86b34a898278cbb30d9b84a7cd,SIVC,,514515.0,-241666.0,,,,NATIF,PROBABLE,pdfplumber,,"resultat net trouve, bilan complet non localise",https://www.brvm.org/sites/default/files/20211122_-_rapport_dactivite_au_3eme_trimestre_2021_-_air_liquide.pdf,2026-07-25T11:27:42.800298+00:00
c4eeea082a30b5fa83514fdfcb1117bdeaf1ace4286254b7056f5337cba5b30b,SIVC,,184587.0,-112006.0,,,,NATIF,PROBABLE,pdfplumber,,"resultat net trouve, bilan complet non localise",https://www.brvm.org/sites/default/files/20211108_-_rapport_dactivite_du_1er_semestre_2021_-_air_liquide_ci.pdf,2026-07-25T11:27:43.238317+00:00
af26041b014e7336a0d281d482735503db601e43d125bc40787dd16a15693b60,SIVC,,59642.0,-84337.0,,,,NATIF,PROBABLE,pdfplumber,,"resultat net trouve, bilan complet non localise",https://www.brvm.org/sites/default/files/20210428_-_rapport_dactivite_au_1er_trimestre_2021_-_air_liquide_ci_1.pdf,2026-07-25T11:27:43.646583+00:00
ad3e26975476d9179882412baa4d1c6730b75474e758b5bb5003a2a145116648,SIVC,,-112006.0,147052.0,,,,NATIF,PROBABLE,pdfplumber,,"resultat net trouve, bilan complet non localise",https://www.brvm.org/sites/default/files/20201030_-_rapport_dactivites_du_1er_semestre_2020_-_air_liquide_ci.pdf,2026-07-25T11:27:44.249907+00:00
c3d7dfbc9d31bbc882190a51df7bd6cb17fb4f9e17264ec0d6f0db35cbfaf4c8,SIVC,,-241666.0,-395652.0,,,,NATIF,PROBABLE,pdfplumber,,"resultat net trouve, bilan complet non localise",https://www.brvm.org/sites/default/files/20201030_-_rapport_dactivites_au_3eme_trimestre_2020_-_air_liquide_ci.pdf,2026-07-25T11:27:44.765251+00:00
ec9df3003f653428ec6fe4957f1096fc91c1ea90c3188a5095635cb3a289c12c,BNBC,2025,-65566392.0,16147480.0,,,,NATIF,PROBABLE,pdfplumber,,"resultat net trouve, bilan complet non localise",https://www.brvm.org/sites/default/files/20260430_-_rapport_dactivites_-_1er_trimestre_2026_-_bernabe_ci.pdf,2026-07-25T11:28:25.302201+00:00
afacc4b03ac8405b020a4e780da1a8f96fb0246ae1703c269c3705df3c6aae1d,BNBC,2024,-157025644.0,-31575815.0,,,,NATIF,PROBABLE,pdfplumber,,"resultat net trouve, bilan complet non localise",https://www.brvm.org/sites/default/files/20251031_-_rapport_dactivites_-_3eme_trimestre_2025_-_bernabe_ci.pdf,2026-07-25T11:28:25.900363+00:00
1a15248efdc66e6acc6d014da2651e81c386328a45442356bf0ad03526b6e4c8,BNBC,2022,516579871.0,776631000.0,,,,NATIF,PROBABLE,pdfplumber,,"resultat net trouve, bilan complet non localise",https://www.brvm.org/sites/default/files/20230428_-_rapport_dactivite_-_1er_trimestre_2023_-_bernabe_ci.pdf,2026-07-25T11:28:31.927623+00:00
9f62b9d8557f5dcad2557d9b110614b0258baf79faeda4945c6fa504e45fec9b,BNBC,2021,1805367009.0,1422094663.0,,,,NATIF,PROBABLE,pdfplumber,,"resultat net trouve, bilan complet non localise",https://www.brvm.org/sites/default/files/20221215_-_rapport_dactivite_-_3eme_trimestre_2022_-_bernabe_ci.pdf,2026-07-25T11:28:32.382904+00:00
f50ed4e5d54a1646db963fa18174db56d80889483dc55ac3882a6ac548ec6801,BNBC,2021,1230606318.0,931144649.0,,,,NATIF,PROBABLE,pdfplumber,,"resultat net trouve, bilan complet non localise",https://www.brvm.org/sites/default/files/20220926_-_rapport_dactivite_du_1er_semestre_2022_-_bernabe_ci.pdf,2026-07-25T11:28:32.949151+00:00
b11838cada6c53e17d8d97f17955f8dbdcdd64477927f85b51f3da07b9a6a28e,BICC,2025,18172.0,27402.0,,,,NATIF,PROBABLE,pdfplumber,,"resultat net trouve, bilan complet non localise",https://www.brvm.org/sites/default/files/20251029_-_rapport_dactivites_-_3eme_trimestre_2025_-_bici_ci.pdf,2026-07-25T11:28:36.883745+00:00
6f70cb8446b3314870fe578ba951fba6273ca27655f3490fe3a1bbebab842206,BICC,,6511.0,8011.0,,,,NATIF,PROBABLE,pdfplumber,,"resultat net trouve, bilan complet non localise",https://www.brvm.org/sites/default/files/20250430_-_rapport_dactivites_-_1er_trimestre_2025_-_bici_ci.pdf,2026-07-25T11:28:38.411204+00:00
631ad7c7a82e4ba1e15c27d2b3d66d7ffc9805478328415db20deb6081c76b51,BICC,2024,12061.0,18172.0,,,,NATIF,PROBABLE,pdfplumber,,"resultat net trouve, bilan complet non localise",https://www.brvm.org/sites/default/files/20241128_-_rapport_dactivites_-_3eme_trimestre_2024_-_bici_ci.pdf,2026-07-25T11:28:39.048875+00:00
6dfb9d495eebaf39a2336aa6871498502c8d1a5f440b2a89d920f2dceeee6456,BICB,,7903.0,30341.0,,,,NATIF,PROBABLE,pdfplumber,,"resultat net trouve, bilan complet non localise",https://www.brvm.org/sites/default/files/20251204_-_rapport_dactivites_-_2eme_trimestre_2025_-_biic_bn.pdf,2026-07-25T11:28:42.249089+00:00
9f5e57270040e7fbcfa0a7d0b7367861e287b55d6b33b55a882cce78e176c10f,BICB,,13128.0,30341.0,,,,NATIF,PROBABLE,pdfplumber,,"resultat net trouve, bilan complet non localise",https://www.brvm.org/sites/default/files/20251204_-_rapport_dactivites_-_3eme_trimestre_2025_-_biic_bn.pdf,2026-07-25T11:28:42.842204+00:00
69cef19e1335aa97024bced4a0827d6ea31fefc221aa34bb839f2c5099d08012,CFAC,,380640740.0,2753828308.0,,,,NATIF,PROBABLE,pdfplumber,,"resultat net trouve, bilan complet non localise",https://www.brvm.org/sites/default/files/20220503_-_rapport_dactivite_-_1er_trimestre_2022_-_cfao_motors_ci.pdf,2026-07-25T11:29:14.691701+00:00
3d1a0947c04fa94d5de0223ed6f5afb24244834854932a3fe468cd30ea16cda3,SEMC,2022,855653665.0,620437050.0,,,,NATIF,PROBABLE,pdfplumber,,"resultat net trouve, bilan complet non localise",https://www.brvm.org/sites/default/files/eviosys_packaging_siem_rapport_dactivites_1er_trimestre_2023.pdf,2026-07-25T11:29:31.989083+00:00
6bf4ffb7b37c9575bee60887af16ecea99ba325ef3288fb730f7e528ac9d69d1,SEMC,,407516.0,388294.0,,,,NATIF,PROBABLE,pdfplumber,,"resultat net trouve, bilan complet non localise",https://www.brvm.org/sites/default/files/20201208_-_rapport_dactivites_au_1er_semestre_2020_-_crown_siem.pdf,2026-07-25T11:29:32.459689+00:00
6397930d292ffce8dfed9629fe1a4a0103227f84c2e839a9351dfe833b3f898d,ECOC,,13258.0,13040.0,,,,NATIF,PROBABLE,pdfplumber,,"resultat net trouve, bilan complet non localise",https://www.brvm.org/sites/default/files/20260429_-_rapport_dactivites_-_1er_trimestre_2026_-_ecobank_ci.pdf,2026-07-25T11:29:34.315050+00:00
6fc290652b0f8ae7e109ab2631689439fddf23c0322f300c820523ce2637ab27,ECOC,2022,28386.0,24389.0,,,,NATIF,PROBABLE,pdfplumber,,"resultat net trouve, bilan complet non localise",https://www.brvm.org/sites/default/files/20221102_-_rapport_dactivite_-_3eme_trimestre_2022_-_ecobank_ci.pdf,2026-07-25T11:29:59.227768+00:00
6c8bdb0c06a976d5b6884746429ec4a8f877f280fc348450331ffd93941303d7,FTSC,2024,105.0,3133.0,,,,NATIF,PROBABLE,pdfplumber,,"resultat net trouve, bilan complet non localise",https://www.brvm.org/sites/default/files/20251031_-_rapport_dactivites_-_1er_semestre_2025_-_filtisac_ci.pdf,2026-07-25T11:30:32.095261+00:00
43004cc9cba5a6870f720823f3c434eb39692a0ae3fe785cbaff10b5606ca22e,FTSC,2023,3133.0,2612.0,,,,NATIF,PROBABLE,pdfplumber,,"resultat net trouve, bilan complet non localise",https://www.brvm.org/sites/default/files/20241031_-_rapport_dactivites_atteste_par_les_cacs_-_1er_semestre_2024_-_filtisac_ci.pdf,2026-07-25T11:30:34.290545+00:00
e01f3373fbcbd5155299847fa86501c80f7716336a93c72738c6101f9cee9e5b,FTSC,2022,2612.0,201.0,,,,NATIF,PROBABLE,pdfplumber,,"resultat net trouve, bilan complet non localise",https://www.brvm.org/sites/default/files/20231030_-_rapport_dactivites_-_1er_semestre_2023_-_filtisac_ci.pdf,2026-07-25T11:30:36.307986+00:00
87229525133e0808b3c5b22c2e5474a1e090f8a9ffddac9618bfe4bce0f3fca1,LNBB,2021,201.0,-136.0,,,,NATIF,PROBABLE,pdfplumber,,"resultat net trouve, bilan complet non localise",https://www.brvm.org/sites/default/files/20221011_-_rapport_dactivites_du_1er_semestre_2022_-_filtisac_ci.pdf,2026-07-25T11:30:38.699450+00:00
43bba36b1157f116e4544b6ab3df3444e06fced8db09ab938d89db290795f0cd,NTLC,2023,8116566626.0,16556698463.0,,,,NATIF,PROBABLE,pdfplumber,,"resultat net trouve, bilan complet non localise",https://www.brvm.org/sites/default/files/20241028_-_rapport_dactivites_-_1er_semestre_2024_-_nestle_ci.pdf,2026-07-25T11:31:00.161802+00:00
de928a4024dcd4fc8d157808a7bdaffd95c4660ee34dcbc25ee42dab48750802,NTLC,,3357252561.0,2220529563.0,,,,NATIF,PROBABLE,pdfplumber,,"resultat net trouve, bilan complet non localise",https://www.brvm.org/sites/default/files/20230425_-_rapport_dactivite_-_1er_trimestre_2023_-_nestle_ci.pdf,2026-07-25T11:31:04.500743+00:00
2f6a4f288956c3aaefa8a1d16674d18e0c50b1e3951e7c8b4edeadf6c52f956f,NTLC,,10222542156.0,11156605711.0,,,,NATIF,PROBABLE,pdfplumber,,"resultat net trouve, bilan complet non localise",https://www.brvm.org/sites/default/files/20220930_-_rapport_dactivite_du_1er_semestre_2022_-_nestle_ci.pdf,2026-07-25T11:31:06.563829+00:00
2117e201611edf8eee5ba3234640470c758611e2664ef7d163da26744aae30ee,NSBC,,10912.0,7138.0,,,,NATIF,PROBABLE,pdfplumber,,"resultat net trouve, bilan complet non localise",https://www.brvm.org/sites/default/files/20260430_-_rapport_dactivites_-_1er_trimestre_2026_-_nsia_banque_ci.pdf,2026-07-25T11:31:07.049058+00:00
a934458cdfe89271c8bc7f4fc99aa72cc3d385189c0f58a3cde0c529a623e4ba,NSBC,,25037.0,38112.0,,,,NATIF,PROBABLE,pdfplumber,,"resultat net trouve, bilan complet non localise",https://www.brvm.org/sites/default/files/20251029_-_rapport_dactivites_-_3eme_trimestre_2025_-_nsia_banque_ci.pdf,2026-07-25T11:31:07.771628+00:00
e04a58c5593f0614643e8e22b85b7e65fb71f168fc5364c4f2f373de80d925bc,NSBC,2025,7138.0,7103.0,,,,NATIF,PROBABLE,pdfplumber,,"resultat net trouve, bilan complet non localise",https://www.brvm.org/sites/default/files/20250429_-_rapport_dactivites_-_1er_trimestre_2025_-_nsia_banque_ci.pdf,2026-07-25T11:31:10.601531+00:00
8cd6e537f7c998fbc1d6183d15df56f08b01b0a8bfe6ad1da76f6fec65e25e35,NSBC,,23687.0,34813.0,,,,NATIF,PROBABLE,pdfplumber,,"resultat net trouve, bilan complet non localise",https://www.brvm.org/sites/default/files/20241023_-_rapport_dactivites_-_3eme_trimestre_2024_-_nsia_banque_ci.pdf,2026-07-25T11:31:11.205168+00:00
0f71c100d8a2bc170ce6d5d6588bc34962d1d7ec4a8dc998f52ec8f21b8d1369,NSBC,,7103.0,34813.0,,,,NATIF,PROBABLE,pdfplumber,,"resultat net trouve, bilan complet non localise",https://www.brvm.org/sites/default/files/20240429_-_rapport_dactivites_-_1er_trimestre_2024_-_nsia_banque_ci.pdf,2026-07-25T11:31:11.986827+00:00
7cb232a99468e9219cee280c8ab4c3c958eade4475458f075661515e7a5696d3,NSBC,2023,6559.0,3680.0,,,,NATIF,PROBABLE,pdfplumber,,"resultat net trouve, bilan complet non localise",https://www.brvm.org/sites/default/files/20230428_-_rapport_dactivite_-_1er_trimestre_2023_-_nsia_banque_ci.pdf,2026-07-25T11:31:16.989696+00:00
f49355cd73db606520c30e8f2b4f725d29f0d34379d7f88a6d6b3c9d29d4a88c,NSBC,,15100.0,14722.0,,,,NATIF,PROBABLE,pdfplumber,,"resultat net trouve, bilan complet non localise",https://www.brvm.org/sites/default/files/20221103_-_rapport_dactivite_-_3eme_trimestre_2022_-_nsia_banque_ci.pdf,2026-07-25T11:31:17.705728+00:00
31b6ced1aec37d31522f090ab74aa9e0cc432fdb6b0764ee2f3344c720445e46,NSBC,,3680.0,3325.0,,,,NATIF,PROBABLE,pdfplumber,,"resultat net trouve, bilan complet non localise",https://www.brvm.org/sites/default/files/20220425_-_rapport_dactivite_-_1er_trimestre_2022_-_nsia_banque_ci.pdf,2026-07-25T11:31:22.775264+00:00
5aa41dae4fdfb2dc73defb9b4bbf2ba9dbb1621d2a5f051636dc5b79804006b6,NSBC,2021,14722.0,4855.0,,,,NATIF,PROBABLE,pdfplumber,,"resultat net trouve, bilan complet non localise",https://www.brvm.org/sites/default/files/20211028_-_rapport_dactivite_au_3eme_trimestre_2021_-_nsia_banque_ci.pdf,2026-07-25T11:31:23.766311+00:00
77e944a35f5248a9d429e0bd9e55962fd430e3eb030a4f6a8c3f17e9700f2105,ORGT,,19604.0,-13247.0,,,,NATIF,PROBABLE,pdfplumber,,"resultat net trouve, bilan complet non localise",https://www.brvm.org/sites/default/files/20251022_-_rapport_dactivites_-_3eme_trimestre_2025_-_oragroup_tg.pdf,2026-07-25T11:31:30.804200+00:00
f4c64b0128808dd936a6480081c633667a3624ec880357caea48e06fcc9ba3fc,ORGT,,18282.0,-13855.0,,,,NATIF,PROBABLE,pdfplumber,,"resultat net trouve, bilan complet non localise",https://www.brvm.org/sites/default/files/20251001_-_attestation_des_commissaires_aux_comptes_sur_le_rapport_dactivites_-_1er_semestre_2025_-_oragroup_tg.pdf,2026-07-25T11:31:31.803595+00:00
2b402d47feb65ab44b6da4ec7c0a19888fa6ac37828d639607d4283871063756,ORGT,,18282.0,-13855.0,,,,NATIF,PROBABLE,pdfplumber,,"resultat net trouve, bilan complet non localise",https://www.brvm.org/sites/default/files/20250922_-_rapport_dactivites_-_1er_semestre_2025_-_oragroup_tg.pdf,2026-07-25T11:31:32.538542+00:00
e7519f5a282b71657f1dadaf5afb71debe2dea9607e784c6bdf8fc106cda7fdc,ORGT,,4797.0,-3012.0,,,,NATIF,PROBABLE,pdfplumber,,"resultat net trouve, bilan complet non localise",https://www.brvm.org/sites/default/files/20250428_-_rapport_dactivites_-_1er_trimestre_2025_-_oragroup_tg.pdf,2026-07-25T11:31:33.226423+00:00
178678a4f72fde5fbfe218f2e1e63af4d26289f93153c316fc34d24291261b18,ORGT,,-13.247,-27.379,,,,NATIF,PROBABLE,pdfplumber,,"resultat net trouve, bilan complet non localise",https://www.brvm.org/sites/default/files/20241025_-_rapport_dactivites_-_3eme_trimestre_2024_-_oragroup_tg.pdf,2026-07-25T11:31:33.820940+00:00
06938c9f354997691d8aa67f337acd6d2de66ba2d5f0c432eaa1696c0c5df44d,ORGT,,-27379.0,14761.0,,,,NATIF,PROBABLE,pdfplumber,,"resultat net trouve, bilan complet non localise",https://www.brvm.org/sites/default/files/20231030_-_rapport_dactivites_-_3eme_trimestre_2023_-_oragroup_togo.pdf,2026-07-25T11:31:36.324225+00:00
78f200bed419dace794d2da9cfafb3dda850fc7377906d3fb8886fb4e596d534,ORGT,,-3965.0,5888.0,,,,NATIF,PROBABLE,pdfplumber,,"resultat net trouve, bilan complet non localise",https://www.brvm.org/sites/default/files/20230426_-_rapport_dactivite_-_1er_trimestre_2023_-_oragroup_tg.pdf,2026-07-25T11:31:37.277823+00:00
10cf80a9e25cfc98ee270aa945a7571e2bbee9272eb4ae6889ccc23b105b9710,ORGT,,6088.0,2664.0,,,,NATIF,PROBABLE,pdfplumber,,"resultat net trouve, bilan complet non localise",https://www.brvm.org/sites/default/files/20220426_-_rapport_dactivite_-_1er_trimestre_2022_-_oragroup_tg.pdf,2026-07-25T11:31:41.515452+00:00
d8061e3c3f24f85843ba741968463936761c670679fe862b7fb4b8183f0dbb75,ORAC,,48.3,38.6,,,,NATIF,PROBABLE,pdfplumber,,"resultat net trouve, bilan complet non localise",https://www.brvm.org/sites/default/files/20260430_-_rapport_dactivites_-_1er_trimestre_2026_-_orange_ci.pdf,2026-07-25T11:31:42.161177+00:00
5e053c0f24b96691eb6467dfef4c474837cf52a724bfa0288bf89550f63fd38c,ORAC,,118.6,86.0,,,,NATIF,PROBABLE,pdfplumber,,"resultat net trouve, bilan complet non localise",https://www.brvm.org/sites/default/files/20241028_-_rapport_dactivites_-_3eme_trimestre_2024_-_orange_ci.pdf,2026-07-25T11:31:47.275296+00:00
22feabd2c31942879cb8bd3b4d5c9bbbbe479138f025f49b0610aaffad2c96d1,ORAC,,55.9,83.7,,,,NATIF,PROBABLE,pdfplumber,,"resultat net trouve, bilan complet non localise",https://www.brvm.org/sites/default/files/20231030_-_rapport_dactivites_et_attestation_des_cac_-_1er_semestre_2023_-_orange_ci.pdf,2026-07-25T11:31:51.312108+00:00
4e8d52a2fbc0fc13b64813ffaa73f85a16c3359fe61fff6d632174f467191be8,ORAC,,86.0,106.6,,,,NATIF,PROBABLE,pdfplumber,,"resultat net trouve, bilan complet non localise",https://www.brvm.org/sites/default/files/20231030_-_rapport_dactivites_-_3eme_trimestre_2023_-_orange_ci.pdf,2026-07-25T11:31:52.053420+00:00
ccbe3af0b4e95d7853c707ffc1680ba2476adeb2aa92c946f90b7f2d1bff4472,PALC,2026,1594480.0,11562398.0,,,,NATIF,PROBABLE,pdfplumber,,"resultat net trouve, bilan complet non localise",https://www.brvm.org/sites/default/files/20260429_-_rapport_dactivites_-_1er_trimestre_2026_-_palm_ci.pdf,2026-07-25T11:31:52.461647+00:00
5cd55d51b2ad914defff41f8090f353744684b5dee66a1c0a9e5b5f764f6ad2f,PALC,2025,17988102.0,16156388.0,,,,NATIF,PROBABLE,pdfplumber,,"resultat net trouve, bilan complet non localise",https://www.brvm.org/sites/default/files/20251029_-_rapport_dactivites_-_3eme_trimestre_2025_-_palm_ci.pdf,2026-07-25T11:31:52.874852+00:00
fbba8e57d6d8ed1187d213fc3a0fcba19509aa6dc605b68a9394de2d37642adc,PALC,2025,11562398.0,6986441.0,,,,NATIF,PROBABLE,pdfplumber,,"resultat net trouve, bilan complet non localise",https://www.brvm.org/sites/default/files/20250418_-_rapport_dactivites_-_1er_trimestre_2025_-_palm_ci.pdf,2026-07-25T11:31:57.239375+00:00
b9d0f5276c1b95287ea1867e378031a82f4797d2a24f03ef016a98d4d4432b30,PALC,,16156388.0,22252800.0,,,,NATIF,PROBABLE,pdfplumber,milliers,"resultat net trouve, bilan complet non localise",https://www.brvm.org/sites/default/files/20241105_-_rapport_dactivites_-_3eme_trimestre_2024_-_palm_ci.pdf,2026-07-25T11:31:57.729667+00:00
483b671f60a5db3cf45504a9a4938797358fa0c691b424ccb770e56e0e03bd63,PALC,,16692591.0,23030820.0,,,,NATIF,PROBABLE,pdfplumber,,"resultat net trouve, bilan complet non localise",https://www.brvm.org/sites/default/files/20241015_-_rapport_dactivites_certifie_par_les_cacs_-_1er_semestre_2024_-_palm_ci.pdf,2026-07-25T11:31:58.613225+00:00
486cc9411239347b83b524fcc67b07de88bcd44a5749efc709d6f240df13e4d0,PALC,,22252800.0,41419739.0,,,,NATIF,PROBABLE,pdfplumber,,"resultat net trouve, bilan complet non localise",https://www.brvm.org/sites/default/files/20231130_-_rapport_dactivites_-_3eme_trimestre_2023_-_palm_ci.pdf,2026-07-25T11:32:00.231146+00:00
46c9615b68e83b15f915267b07f41cf2a0497e4ecde36a3a7469599c8344145b,PALC,2022,41419739.0,36390491.0,,,,NATIF,PROBABLE,pdfplumber,,"resultat net trouve, bilan complet non localise",https://www.brvm.org/sites/default/files/20221031_-_rapport_dactivite_-_3eme_trimestre_2022_-_palm_ci.pdf,2026-07-25T11:32:01.023526+00:00
553815774d3fa03b27e46d4596d0eccf98f7986eff5912b83d9981be05cb8814,PALC,,36390491.0,7136283.0,,,,NATIF,PROBABLE,pdfplumber,,"resultat net trouve, bilan complet non localise",https://www.brvm.org/sites/default/files/20211020_-_rapport_dactivite_au_3eme_trimestre_2021_-_palm_ci.pdf,2026-07-25T11:32:02.248882+00:00
f57bf9619408253c4a142c3c643e7b3d41ec24d365f274e5c4b28154ae08e5ee,SAFC,,,,15223.0,15223.0,,NATIF,PROBABLE,camelot,,bilan equilibre ; unite non confirmee dans le texte,https://www.brvm.org/sites/default/files/20260511_-_rapport_dactivites_-_1er_trimestre_2026_-_safca_ci.pdf,2026-07-25T11:32:03.324821+00:00
b33cea6de54f4e36d5cacae6726420595d2e49c2ab8e8217b035eeab7b05725b,SAFC,,,,10548.0,10548.0,,NATIF,PROBABLE,camelot,,bilan equilibre ; unite non confirmee dans le texte,https://www.brvm.org/sites/default/files/20260423_-_rapport_dactivites_au_4eme_trimestre_2025_-_safca_ci.pdf,2026-07-25T11:32:04.555504+00:00
d38f59f0d6ed765bd5cc79e441e8712ef775e4333d4a7e3627f3c8e821a593f2,SAFC,,,,11781.0,11781.0,,NATIF,PROBABLE,camelot,,bilan equilibre ; unite non confirmee dans le texte,https://www.brvm.org/sites/default/files/20250729_-_rapport_dactivites_-_2eme_trimestre_2025_-_safca_ci.pdf,2026-07-25T11:32:06.046902+00:00
5f782730dd9f256537dfeed034df9ed8bdee3ed3f025546b215bd2d1d879554a,SAFC,,,,4122.0,4122.0,,NATIF,PROBABLE,camelot,,bilan equilibre ; unite non confirmee dans le texte,https://www.brvm.org/sites/default/files/20260703_-_rapport_dactivites_-_4e_trimestre_2024_-_safca_ci.pdf,2026-07-25T11:32:07.128855+00:00
6e6e5c21f2c2bb0f557d1a0e54c16baee446bf8f9498505f0543b1366b80a4c6,SAFC,,,,3051.0,3051.0,,NATIF,PROBABLE,camelot,,bilan equilibre ; unite non confirmee dans le texte,https://www.brvm.org/sites/default/files/20240624_-_rapport_dactivites_-_4eme_trimestre_2024_-_safca_ci.pdf,2026-07-25T11:32:09.057298+00:00
e63e230d999d1651055a7729a6ccc043874df5c2549232309f55f6837968590e,SAFC,,,,1063.0,1063.0,,NATIF,PROBABLE,camelot,,bilan equilibre ; unite non confirmee dans le texte,https://www.brvm.org/sites/default/files/20231102_-_rapport_dactivites_-_3eme_trimestre_2023_-_safca_ci.pdf,2026-07-25T11:32:09.957809+00:00
f98f6cd16104f7b432b6836fca375a6205a38659b3e3547251ca53d7f9027e1a,SAFC,,,,70975.0,70975.0,,NATIF,PROBABLE,camelot,,bilan equilibre ; unite non confirmee dans le texte,https://www.brvm.org/sites/default/files/20231002_-_rapport_dactivites_du_2eme_trimestre_2023_-_alios_finance_safca_ci.pdf,2026-07-25T11:32:10.879846+00:00
1631e1d61451258e79fb1b0d3aef6f993041393f31cc6c5b2d91da2d6a262bda,SAFC,,,,76265.0,76265.0,,NATIF,PROBABLE,camelot,,bilan equilibre ; unite non confirmee dans le texte,https://www.brvm.org/sites/default/files/20230609_-_rapport_dactivites_-_1er_trimestre_2023_-_alios_finance_safca_ci.pdf,2026-07-25T11:32:11.918068+00:00
9b976388cb6c24ef1e618f44930b809ca8191140fb7a4963578b78a3635b6a48,SAFC,,,,6285.0,6285.0,,NATIF,PROBABLE,camelot,,bilan equilibre ; unite non confirmee dans le texte,https://www.brvm.org/sites/default/files/20220831_-_rapport_dactivites_-_1er_semestre_2022_-_safca_ci.pdf,2026-07-25T11:32:14.756042+00:00
7d7c29f274d15ef4138319fb70041369a4ab492724b4956795cfb73d385ab491,SAFC,,,,11575.0,11575.0,,NATIF,PROBABLE,camelot,,bilan equilibre ; unite non confirmee dans le texte,https://www.brvm.org/sites/default/files/20220518_-_rapport_dactivite_-_1er_trimestre_2022_-_safca_ci.pdf,2026-07-25T11:32:15.771691+00:00
690d47b53b98262da7c7d03c598acb270b5e2cb84e7c732b94214b6254e8332b,SAFC,,,,66533.0,66533.0,,NATIF,PROBABLE,camelot,,bilan equilibre ; unite non confirmee dans le texte,https://www.brvm.org/sites/default/files/20211124_-_rapport_dactivite_au_1er_semestre_2021_-_safca_ci.pdf,2026-07-25T11:32:17.669956+00:00
f2ad125f8e6eec2bb770eb4511eefbf0d686fc9985af18e2a4373dd75ee9187b,SPHC,2025,2633.0,11804.0,,,,NATIF,PROBABLE,pdfplumber,,"resultat net trouve, bilan complet non localise",https://www.brvm.org/sites/default/files/20260429_-_rapport_dactivites_-_1er_trimestre_2026_-_saph_ci.pdf,2026-07-25T11:32:18.335757+00:00
352da0694d498b1fcb1a566ff5d59a4ad7edd0c72744a181a38710c3f5b3fe44,SPHC,,11804.0,1126.0,,,,NATIF,PROBABLE,pdfplumber,,"resultat net trouve, bilan complet non localise",https://www.brvm.org/sites/default/files/20250425_-_rapport_dactivites_-_1er_trimestre_2025_-_saph_ci.pdf,2026-07-25T11:32:20.441532+00:00
5d3ef6f64b23a90110497b4f6e1e308c2234af637234a2fd4ab65625661b4c95,STAC,2025,-477134031.0,-610943112.0,,,,NATIF,PROBABLE,pdfplumber,,"resultat net trouve, bilan complet non localise",https://www.brvm.org/sites/default/files/20251031_-_rapport_dactivites_-_3eme_trimestre_2025_-_setao_ci.pdf,2026-07-25T11:32:30.723773+00:00
6769d8f2e62163a46e6433c58d73a1600d0cda61dd218272ed5831625fad0e3d,STAC,2025,-556761512.0,-314644909.0,,,,NATIF,PROBABLE,pdfplumber,,"resultat net trouve, bilan complet non localise",https://www.brvm.org/sites/default/files/20251031_-_rapport_dactivites_-_1er_semestre_2025_-_setao_ci.pdf,2026-07-25T11:32:31.240788+00:00
d990f6f5f32e7717dac719c46f29b66c5002b861e1d5eb73d7486d53846092a9,STAC,2024,-314644909.0,-985743343.0,,,,NATIF,PROBABLE,pdfplumber,,"resultat net trouve, bilan complet non localise",https://www.brvm.org/sites/default/files/20241028_-_rapport_dactivites_-_1er_semestre_2024_-_setao_ci.pdf,2026-07-25T11:32:31.834609+00:00
69da5b7ef8acf9e3f210f16a5adad2b5ab0f7e4a1b2a63378a9a59d979f7fab2,STAC,2024,-610943112.0,-1594566326.0,,,,NATIF,PROBABLE,pdfplumber,,"resultat net trouve, bilan complet non localise",https://www.brvm.org/sites/default/files/20241028_-_rapport_dactivites_-_3eme_trimestre_2024_-_setao_ci.pdf,2026-07-25T11:32:32.523511+00:00
fef3ff6cd98bb6fb8ba9cc35ea9ab39d7d1b3b6097d5c85207c522f18df937d0,STAC,2023,-1594566326.0,348728922.0,,,,NATIF,PROBABLE,pdfplumber,,"resultat net trouve, bilan complet non localise",https://www.brvm.org/sites/default/files/20231026_-_rapport_dactivites_-_3eme_trimestre_2023_-_setao_ci.pdf,2026-07-25T11:32:32.987977+00:00
2db12972be835d0ce7d3a8dc8819fb22ce750ec4b263cc177e0e64fe022dd572,STAC,2023,-985743343.0,58516828.0,,,,NATIF,PROBABLE,pdfplumber,,"resultat net trouve, bilan complet non localise",https://www.brvm.org/sites/default/files/20231026_-_rapport_dactivites_-_1er_semestre_2023_-_setao_ci.pdf,2026-07-25T11:32:41.469843+00:00
20a26a86b0e910ab76926696b2f2db7d8cfaafabdec28027cdab79f988fb410b,STAC,,58516828.0,1046442603.0,,,,NATIF,PROBABLE,pdfplumber,,"resultat net trouve, bilan complet non localise",https://www.brvm.org/sites/default/files/20221024_-_rapport_dactivite_-_1er_semestre_2022_-_setao_ci.pdf,2026-07-25T11:32:42.038592+00:00
230b3ab532f61f97939e9f53da4e34739053f3516f01e78c62b5067fbca8c485,STAC,2022,348728922.0,1156375427.0,,,,NATIF,PROBABLE,pdfplumber,,"resultat net trouve, bilan complet non localise",https://www.brvm.org/sites/default/files/20221024_-_rapport_dactivite_-_3eme_trimestre_2022_-_setao_ci_0.pdf,2026-07-25T11:32:42.612033+00:00
06e68f989ef7014f9e5576f8770540cc9e3f7061792a03c806e8189373a38aad,LNBB,2021,1046442603.0,43556085.0,,,,NATIF,PROBABLE,pdfplumber,,"resultat net trouve, bilan complet non localise",https://www.brvm.org/sites/default/files/20211109_-_rapport_dactivite_du_1er_semestre_2021_-_setao_ci.pdf,2026-07-25T11:32:43.043803+00:00
cae40e8a89631ffd46917b1c80dcae03da34a2dfef6ddb93c08fcc0386cf6dec,STAC,2021,1156375427.0,1025066691.0,,,,NATIF,PROBABLE,pdfplumber,,"resultat net trouve, bilan complet non localise",https://www.brvm.org/sites/default/files/20211109_-_rapport_dactivite_au_3eme_trimestre_2021_-_setao_ci.pdf,2026-07-25T11:32:43.537360+00:00
de3a4ed3f6466a76badaad870a2e0268f49952ede4ed86fa2bc957affa30d934,SIBC,,,,1685249.0,1685249.0,,NATIF,PROBABLE,camelot,,bilan equilibre ; unite non confirmee dans le texte,https://www.brvm.org/sites/default/files/20250305_-_rapport_dactivites_annuel_-_exercice_2024_-_sib_ci.pdf,2026-07-25T11:33:39.074303+00:00
8079aa49f82d8c228b01fddbd80e291d84198b03eb6b978cbdc0a1b3a3f99a31,SIBC,,,,1604810.0,1604810.0,,NATIF,PROBABLE,camelot,,bilan equilibre ; unite non confirmee dans le texte,https://www.brvm.org/sites/default/files/20240930_-_rapport_dactivites_-_1er_semestre_2024_-_sib_ci.pdf,2026-07-25T11:33:43.810185+00:00
b96ab01184f501d6f726250132108e742d8b5ede7ca862ce088b5aa29d7c88ec,SIBC,,,,1453331.0,1453331.0,,NATIF,PROBABLE,camelot,,bilan equilibre ; unite non confirmee dans le texte,https://www.brvm.org/sites/default/files/20221018_-_rapport_dactivite_-_1er_semestre_2022_-_sib_ci.pdf,2026-07-25T11:34:13.466080+00:00
471544b82dcf83fb0343698274b1545e3ffa4ab9f4950dfa501ab1acdbd39831,SIBC,,11180.0,12273.0,,,,NATIF,PROBABLE,pdfplumber,,"resultat net trouve, bilan complet non localise",https://www.brvm.org/sites/default/files/20220429_-_rapport_dactivite_-_1er_trimestre_2022_-_sib_ci.pdf,2026-07-25T11:34:14.221437+00:00
c075b4642cc1ab58437a122845759a934ebd8b8ecf655469f4f3edb6a8ca2ae2,CABC,,-221.7,211.2,,,,NATIF,PROBABLE,pdfplumber,,"resultat net trouve, bilan complet non localise",https://www.brvm.org/sites/default/files/20260420_-_rapport_dactivites_-_1er_trimestre_2026_-_sicable_ci.pdf,2026-07-25T11:34:14.672678+00:00
2d301242e95159ee8b21e4260770d517195f2e0779413ebd28441b5786cf471c,CABC,,851.5,548.4,,,,NATIF,PROBABLE,pdfplumber,,"resultat net trouve, bilan complet non localise",https://www.brvm.org/sites/default/files/20251030_-_rapport_dactivites_-_1er_semestre_2025_-_sicable_ci.pdf,2026-07-25T11:34:15.232628+00:00
16d2a217602bd4d222154d3f13fee0cb9891feabce04212edf3f0e2060e1b1e4,CABC,,1329.5,1055.4,,,,NATIF,PROBABLE,pdfplumber,,"resultat net trouve, bilan complet non localise",https://www.brvm.org/sites/default/files/20251030_-_rapport_dactivites_-_3eme_trimestre_2025_-_sicable_ci.pdf,2026-07-25T11:34:15.752227+00:00
1d23837bd7ad705190672cba2c37101d9edde5f6cf4dab9d79e8324e4388d02c,CABC,,548.4,747.8,,,,NATIF,PROBABLE,pdfplumber,,"resultat net trouve, bilan complet non localise",https://www.brvm.org/sites/default/files/20241030_-_rapport_dactivites_-_1er_semestre_2024_-_sicable_ci.pdf,2026-07-25T11:34:25.787113+00:00
fcde7c40f916aa03f694eee8efd7e06a648ec066a05bb5dfd39cb47b564dc6e8,CABC,,1055.4,887.0,,,,NATIF,PROBABLE,pdfplumber,,"resultat net trouve, bilan complet non localise",https://www.brvm.org/sites/default/files/20241030_-_rapport_dactivites_-_3eme_trimestre_2024_-_sicable_ci.pdf,2026-07-25T11:34:26.251221+00:00
6990d834a4b07b3a8497de31da55a9b6215b5470f2b4cee9f6d00d0625ef5ecf,CABC,,516.8,587.6,,,,NATIF,PROBABLE,pdfplumber,,"resultat net trouve, bilan complet non localise",https://www.brvm.org/sites/default/files/20240426_-_rapport_dactivites_-_1er_trimestre_2024_-_sicable_ci.pdf,2026-07-25T11:34:26.727451+00:00
213c1ad01c630beb406d5c2f70efd383f13cfc88b696e6fd9d896865169cb115,CABC,,747.8,615.4,,,,NATIF,PROBABLE,pdfplumber,,"resultat net trouve, bilan complet non localise",https://www.brvm.org/sites/default/files/20231030_-_rapport_dactivites_et_attestation_des_cac_-_1er_semestre_2023_-_sicable_ci.pdf,2026-07-25T11:34:27.433830+00:00
e3a9b2d570d4ee032f35257c5d952ded1b45c9749d6fd0a73b9edc1935859ea0,CABC,,747.8,615.4,,,,NATIF,PROBABLE,pdfplumber,,"resultat net trouve, bilan complet non localise",https://www.brvm.org/sites/default/files/20231030_-_rapport_dactivites_-_1er_semestre_2023_-_sicable_ci.pdf,2026-07-25T11:34:27.915946+00:00
5d1115f57972fb99e31ad073d7b44fa8dfc9084373d39d0602981fadc10be66d,CABC,,887.0,863.1,,,,NATIF,PROBABLE,pdfplumber,,"resultat net trouve, bilan complet non localise",https://www.brvm.org/sites/default/files/20231030_-_rapport_dactivites_-_3eme_trimestre_2023_-_sicable_ci.pdf,2026-07-25T11:34:28.405990+00:00
2faf77194931f74e4034d3b99848ef8271eee170c13f6b1ab8907d0603aa7793,STBC,,18062781.0,9646161.0,,,,NATIF,PROBABLE,pdfplumber,,"resultat net trouve, bilan complet non localise",https://www.brvm.org/sites/default/files/20251029_-_rapport_dactivites_-_1er_semestre_2025_-_sitab_ci.pdf,2026-07-25T11:34:30.997289+00:00
5be6cb4ebe2135f823a71dc5c38c9a5af4e58c19b84856a06b32b973927f0591,STBC,,12941416.0,11895070.0,,,,NATIF,PROBABLE,pdfplumber,,"resultat net trouve, bilan complet non localise",https://www.brvm.org/sites/default/files/20251029_-_rapport_dactivites_-_3eme_trimestre_2025_-_sitab_ci.pdf,2026-07-25T11:34:31.556147+00:00
d8b98ea90e7f3265aba58c463fe734ccd5f346375384c8da7ffd6bc67e266805,STBC,,9646161.0,6257686.0,,,,NATIF,PROBABLE,pdfplumber,,"resultat net trouve, bilan complet non localise",https://www.brvm.org/sites/default/files/20241031_-_rapport_dactivites_-_1er_semestre_2024_-_sitab_ci.pdf,2026-07-25T11:34:32.934253+00:00
b195cb5891a8c362f5a6d3716f880426a471a16b40baa2357baa9b6d35e57bd0,SMBC,2022,5244295058.0,7699059159.0,,,,NATIF,PROBABLE,pdfplumber,,"resultat net trouve, bilan complet non localise",https://www.brvm.org/sites/default/files/20231030_-_rapport_dactivites_-_1er_semestre_2023_-_smb_ci.pdf,2026-07-25T11:34:40.444980+00:00
7d7a2dc540bdbe7b615ad6884609aac28825df80287d2ecab4d70f73906be009,SMBC,2022,6465055414.0,12165430436.0,,,,NATIF,PROBABLE,pdfplumber,,"resultat net trouve, bilan complet non localise",https://www.brvm.org/sites/default/files/20231030_-_rapport_dactivites_-_3eme_trimestre_2023_-_smb_ci.pdf,2026-07-25T11:34:41.124671+00:00
5aa423a519b6692a3c3e581fe3df1173d22ca90751058da084ac83ecb8e6f2b5,SDCC,2025,1355.0,1780.0,,,,NATIF,PROBABLE,pdfplumber,,"resultat net trouve, bilan complet non localise",https://www.brvm.org/sites/default/files/20251031_-_rapport_dactivites_-_1er_semestre_2025_-_sode_ci.pdf,2026-07-25T11:34:43.805374+00:00
1cb556d3bbffd6439132feae7b23f7700778f6a538592021579632a4d997ba31,SOGC,,11528415944.0,8261656754.0,,,,NATIF,PROBABLE,pdfplumber,,"resultat net trouve, bilan complet non localise",https://www.brvm.org/sites/default/files/20251030_-_rapport_dactivites_-_3eme_trimestre_2025_-_sogb_ci.pdf,2026-07-25T11:34:54.569020+00:00
7e205ee0fa9352964d5af4d8e0ad4ecc633cee9143886791a9430bd1c7ee6838,SOGC,,6018865928.0,1658721133.0,,,,NATIF,PROBABLE,pdfplumber,,"resultat net trouve, bilan complet non localise",https://www.brvm.org/sites/default/files/202504024_-_rapport_dactivites_-_1er_trimestre_2025_-_sogb_ci.pdf,2026-07-25T11:34:55.469832+00:00
b5a1f1c75dbe8a96fca695f4e7704d2c785fbe151a8d73587a61f78b49e9ab93,SOGC,,8261656754.0,4404106157.0,,,,NATIF,PROBABLE,pdfplumber,,"resultat net trouve, bilan complet non localise",https://www.brvm.org/sites/default/files/20241204_-_rapport_dactivites_-_3eme_trimestre_2024_-_sogb_ci.pdf,2026-07-25T11:34:55.978148+00:00
aa53b6e7bfa6ae0c8bde1e2fecf4d0c162b8ea914e8fe05cfbcc1cd60346dc60,SOGC,,4404106157.0,11929470475.0,,,,NATIF,PROBABLE,pdfplumber,,"resultat net trouve, bilan complet non localise",https://www.brvm.org/sites/default/files/20231026_-_rapport_dactivites_-_3eme_trimestre_2023_-_sogb_ci.pdf,2026-07-25T11:35:00.274328+00:00
4d27d38785895b2aa40a53d2ec7c75a02ddc99f354596010628db35291cadbda,SOGC,,2409803481.0,3271558387.0,,,,NATIF,PROBABLE,pdfplumber,,"resultat net trouve, bilan complet non localise",https://www.brvm.org/sites/default/files/20230509_-_rapport_dactivite_-_1er_trimestre_2023_-_sogb_ci.pdf,2026-07-25T11:35:00.826406+00:00
8b6f100542760eff3273f5f1c80ce7b92229dcf825f8842030141a52a05d8fad,SOGC,2021,11929470475.0,11238738441.0,,,,NATIF,PROBABLE,pdfplumber,,"resultat net trouve, bilan complet non localise",https://www.brvm.org/sites/default/files/20221103_-_rapport_dactivite_-_3eme_trimestre_2022_-_sogb_ci.pdf,2026-07-25T11:35:01.338578+00:00
48b1e18aa98ce1dc0460f242d5b65caa79cf4d5f70206fafacb68c6ad00079ae,SOGC,,3271558387.0,3212447418.0,,,,NATIF,PROBABLE,pdfplumber,,"resultat net trouve, bilan complet non localise",https://www.brvm.org/sites/default/files/20220530_-_rapport_dactivite_-_1er_trimestre_exercice_2022_-_sogb.pdf,2026-07-25T11:35:02.663996+00:00
bb8fb872ca5891d137f95ae31b5c855018befa67de6de04ff2e559c3adf2a37a,SOGC,2020,11238738441.0,4835923203.0,,,,NATIF,PROBABLE,pdfplumber,,"resultat net trouve, bilan complet non localise",https://www.brvm.org/sites/default/files/20211025_-_rapport_dactivite_au_3eme_trimestre_2021_-_sogb_ci.pdf,2026-07-25T11:35:03.043313+00:00
d9be528838dfa8fb58f57bafd77ce8066365763bae5f11674aa0788d0087bdac,SLBC,,27954746346.0,10162815766.0,,,,NATIF,PROBABLE,pdfplumber,,"resultat net trouve, bilan complet non localise",https://www.brvm.org/sites/default/files/20251028_-_rapport_dactivites_-_1er_semestre_2025_-_solibra_ci.pdf,2026-07-25T11:35:03.951841+00:00
e041066235d57776d429fafde7a48786f5dde7f14dcc86c22b3aabed59c66726,SNTS,,148.6,192.6,,2573858.0,1065724.0,NATIF,PROBABLE,pdfplumber,,"resultat net trouve, bilan complet non localise",https://www.brvm.org/sites/default/files/20250725_-_rapport_dactivites_-_1er_semestre_2025_-_sonatel_sn.pdf,2026-07-25T11:35:19.643516+00:00
aa8eb615e0b01feb217088f3bd712cae21ee2cceb0fda09577109dc452b6592c,SNTS,,130.3,148.6,,2252192.0,898523.0,NATIF,PROBABLE,pdfplumber,,"resultat net trouve, bilan complet non localise",https://www.brvm.org/sites/default/files/20240726_-_rapport_dactivites_-_1er_semestre_2024_-_sonatel_sn.pdf,2026-07-25T11:36:42.490471+00:00
31a7f49fc616773a8f9779f65c2ab43b93754a575e7741ee98de09dd5b078a68,SNTS,,148594.0,130311.0,,2252192.0,898523.0,NATIF,PROBABLE,pdfplumber,,"resultat net trouve, bilan complet non localise",https://www.brvm.org/sites/default/files/20230721_-_rapport_dactivites_-_1er_semestre_2023_-_sonatel_sn.pdf,2026-07-25T11:36:53.900181+00:00
cc66e558b95c8c7964d3d8345903d82724bf3535a8890a5920b88aa4a59c83fd,SCRC,,4686929801.0,2601450050.0,,,,NATIF,PROBABLE,pdfplumber,,"resultat net trouve, bilan complet non localise",https://www.brvm.org/sites/default/files/20240510_-_rapport_dactivites_-_1er_trimestre_2024_-_sucrivoire_ci.pdf,2026-07-25T11:37:04.116695+00:00
67e8f2e17c09ebda98d513c41a0f792de2b83dab24bfb223bf7cc0cc4ec8e452,SCRC,,2601450050.0,6069920078.0,,,,NATIF,PROBABLE,pdfplumber,,"resultat net trouve, bilan complet non localise",https://www.brvm.org/sites/default/files/20230502_-_rapport_dactivite_-_1er_trimestre_2023_-_sucrivoire_ci.pdf,2026-07-25T11:37:08.167894+00:00
e9942a735e20c1a6d98a634adfca83af8f27476ee472629021869eab90d09782,TTLS,,2329.0,2207.0,,,,NATIF,PROBABLE,pdfplumber,,"resultat net trouve, bilan complet non localise",https://www.brvm.org/sites/default/files/20260422_-_rapport_dactivites_-_1er_trimestre_2026_-_totalenergies_marketing_ci.pdf,2026-07-25T11:37:08.639308+00:00
0a268d176ac218bd541c72525444e07441898a824027734cfef27038a294ceda,TTLS,2024,9374.0,8708.0,,,,NATIF,PROBABLE,pdfplumber,,"resultat net trouve, bilan complet non localise",https://www.brvm.org/sites/default/files/20250430_-_rapport_dactivites_-_1er_trimestre_2025_-_totalenergies_marketing_ci_1.pdf,2026-07-25T11:37:12.307930+00:00
e89ef1a8d083a63c98d139bb98140629cea5ffcd15b2e61a6e01a9b1ed951c34,TTLS,,5003.0,6425.0,,,,NATIF,PROBABLE,pdfplumber,,"resultat net trouve, bilan complet non localise",https://www.brvm.org/sites/default/files/20241028_-_rapport_dactivites_-_1er_semestre_2024_et_du_3e_trimestre_-_totalenergies_marketing_ci.pdf,2026-07-25T11:37:12.950958+00:00
f71c1e122dfe30eca0de6ddc2044ef40e281073530d1dc95adb61fdd55a88ec4,TTLS,2022,6559.0,5003.0,,,,NATIF,PROBABLE,pdfplumber,,"resultat net trouve, bilan complet non localise",https://www.brvm.org/sites/default/files/20231030_-_rapport_dactivites_-_1er_semestre_2023_-_totalenergies_marketing_ci.pdf,2026-07-25T11:37:13.593708+00:00
382ad3997779adf4f142abf5f29e33112adff159ffc388b087dd714ce863ffe5,TTLS,,2674.0,3092.0,,,,NATIF,PROBABLE,pdfplumber,,"resultat net trouve, bilan complet non localise",https://www.brvm.org/sites/default/files/20230427_-_rapport_dactivite_-_1er_trimestre_2023_-_totalenergies_marketing_ci.pdf,2026-07-25T11:37:14.152440+00:00
6f4274477fc7bc9a46cb32f19e11b77295148acdc5b5a83301925187ae2feae7,TTLS,,1585.0,1513.0,,,,NATIF,PROBABLE,pdfplumber,,"resultat net trouve, bilan complet non localise",https://www.brvm.org/sites/default/files/20260430_-_rapport_dactivites_-_1er_trimestre_2026_-_totalenergies_marketing_sn.pdf,2026-07-25T11:37:14.649971+00:00
6551d7606785060af846d54fcbbac18ac406834548f9b6b36276728129579232,TTLS,,5024.0,5824.0,,,,NATIF,PROBABLE,pdfplumber,,"resultat net trouve, bilan complet non localise",https://www.brvm.org/sites/default/files/20251031_-_rapport_dactivites_-_3eme_trimestre_2025_-_totalenergies_marketing_sn.pdf,2026-07-25T11:37:15.145101+00:00
8d1c6fc77ca58b058660a748708653184068f8a03f331ebe2b77220647b00a67,TTLS,,3058.0,3840.0,,,,NATIF,PROBABLE,pdfplumber,,"resultat net trouve, bilan complet non localise",https://www.brvm.org/sites/default/files/20251031_-_rapport_dactivites_-_1er_semestre_2025_-_totalenergies_marketing_sn.pdf,2026-07-25T11:37:15.783301+00:00
4d80295c5e090aa177f764f7ad291798a059b218137662d8142bbc0acd649849,TTLS,,1513.0,1627.0,,,,NATIF,PROBABLE,pdfplumber,,"resultat net trouve, bilan complet non localise",https://www.brvm.org/sites/default/files/20250502_-_rapport_dactivites_-_1er_trimestre_2025_-_totalenergies_marketing_sn.pdf,2026-07-25T11:37:16.283312+00:00
9dcfd4e49666c3e8e83892e1e4ac22e5220445e28f1443d33e7d534d7a1b0ecf,UNLC,2022,-6382600.0,175.0,,,,NATIF,PROBABLE,pdfplumber,,"resultat net trouve, bilan complet non localise",https://www.brvm.org/sites/default/files/20230503_-_rapport_dactivite_provisoire_exercice_2022_-_unilever_ci.pdf,2026-07-25T11:38:00.155867+00:00
f37b12ef478985a27c6d71654b25dc4fb46b97df9547f0e85eaa7250a73db956,UNLC,2019,-13476458.0,-4077214.0,,,,NATIF,PROBABLE,pdfplumber,,"resultat net trouve, bilan complet non localise",https://www.brvm.org/sites/default/files/rapport_dactivite_31122019_unilever_ci_non_audite.version_finale.pdf,2026-07-25T11:38:21.186712+00:00
1da96e35db24876be5461c60a44146f7c45c8536840a967793c0cbaf2f32da27,UNLC,,61253.0,-267096.0,,,,NATIF,PROBABLE,pdfplumber,,"resultat net trouve, bilan complet non localise",https://www.brvm.org/sites/default/files/20200504_-_rapport_dactivite_du_1er_trimestre_2020_-_unilever_ci.pdf,2026-07-25T11:38:21.707861+00:00
57c48b437fa4a0f5b1fc99c5bde5d66276b0516c4756301ae8203428f0cafe63,UNXC,2025,8142912424.0,-2165166944.0,,,,NATIF,PROBABLE,pdfplumber,,"resultat net trouve, bilan complet non localise",https://www.brvm.org/sites/default/files/20251031_-_rapport_dactivites_-_3eme_trimestre_2025_-_uniwax_ci.pdf,2026-07-25T11:38:23.109744+00:00
461184320e5c24b17e7dcca993ba267468c7c39ac420353137ee3297b42f3ee5,UNXC,2025,8216545331.0,-1910597904.0,,,,NATIF,PROBABLE,pdfplumber,,"resultat net trouve, bilan complet non localise",https://www.brvm.org/sites/default/files/20251031_-_rapport_dactivites_-_1er_semestre_2025_-_uniwax_ci.pdf,2026-07-25T11:38:23.788192+00:00
dfdfc7fc000102581a645aa9b81ae6a1b5c9ec871878defa0fa3f64ced5badba,UNXC,2025,8216545331.0,-1910597904.0,,,,NATIF,PROBABLE,pdfplumber,,"resultat net trouve, bilan complet non localise",https://www.brvm.org/sites/default/files/20250918_-_rapport_dactivites_-_1er_semestre_2025_-_uniwax_ci.pdf,2026-07-25T11:38:24.359638+00:00
3eedc4589d116b0df4175d9b48661d3029da68924c3e85ab8e21826581c938a9,UNXC,,-1910597904.0,167637701.0,,,,NATIF,PROBABLE,pdfplumber,,"resultat net trouve, bilan complet non localise",https://www.brvm.org/sites/default/files/20241031_-_rapport_dactivites_-_1er_semestre_2024_-_uniwax_ci.pdf,2026-07-25T11:38:25.796895+00:00
9ae6a250c974184ed42c25d667bf785b6ba4543c97d35e02bc88c089f329cf2a,UNXC,,-2165166944.0,-879406597.0,,,,NATIF,PROBABLE,pdfplumber,,"resultat net trouve, bilan complet non localise",https://www.brvm.org/sites/default/files/20241031_-_rapport_dactivites_-_3eme_trimestre_2024_-_uniwax_ci.pdf,2026-07-25T11:38:26.392261+00:00
799c5fdc3ed67b8dc1d1e2d8780c73900d05f40396ca99f51406df16ee3903ba,UNXC,2023,-1228413587.0,48233867.0,,,,NATIF,PROBABLE,pdfplumber,,"resultat net trouve, bilan complet non localise",https://www.brvm.org/sites/default/files/20240430_-_rapport_dactivites_-_1er_trimestre_2024_-_uniwax_ci.pdf,2026-07-25T11:38:26.933098+00:00
74b17419d154c1638a1f9c6176c0c0273a7b151b93acbd8d55445d6870f39f86,UNXC,,-879406597.0,295606433.0,,,,NATIF,PROBABLE,pdfplumber,,"resultat net trouve, bilan complet non localise",https://www.brvm.org/sites/default/files/20231103_-_rapport_dactivites_-_3eme_trimestre_2023_-_uniwax_ci_annule_et_remplace_le_precedent.pdf,2026-07-25T11:38:27.589879+00:00
c3be6f6b2848633ae2623a1bd7e054a7efcd26237c1d72f41d8c3057f74caf60,UNXC,,167637701.0,982452697.0,,,,NATIF,PROBABLE,pdfplumber,,"resultat net trouve, bilan complet non localise",https://www.brvm.org/sites/default/files/20231031_-_rapport_dactivites_-_1er_semestre_2023_-_uniwax_ci.pdf,2026-07-25T11:38:28.165536+00:00
e69d2fd308c49f831cac982bd3536dc169568ff1fc4c9af117f3a238edf11cfd,UNXC,,-879406597.0,295606433.0,,,,NATIF,PROBABLE,pdfplumber,,"resultat net trouve, bilan complet non localise",https://www.brvm.org/sites/default/files/20231031_-_rapport_dactivites_-_3eme_trimestre_2023_-_uniwax_ci.pdf,2026-07-25T11:38:28.705454+00:00
c7f5443c6b295c95da74d2cd4ab6be23d3c42e4c431cc753e1ceb259282b62d4,UNXC,2022,48233867.0,527093092.0,,,,NATIF,PROBABLE,pdfplumber,,"resultat net trouve, bilan complet non localise",https://www.brvm.org/sites/default/files/20230428_-_rapport_dactivite_-_1er_trimestre_2023_-_uniwax_ci.pdf,2026-07-25T11:38:29.426888+00:00
128f49093b2852012567128353b924f5e0b2451f122989737988c6feb7fcd321,UNXC,,295606433.0,1524471715.0,,,,NATIF,PROBABLE,pdfplumber,,"resultat net trouve, bilan complet non localise",https://www.brvm.org/sites/default/files/20221129_-_rapport_dactivite_-_3eme_trimestre_2022_-_uniwax_ci.pdf,2026-07-25T11:38:30.321739+00:00
86e16588961068c0245c859be3632e3655bc8fb83c8573919f41b0c0b988f407,SHEC,,,,207064.0,207064.0,,NATIF,PROBABLE,camelot,,bilan equilibre ; unite non confirmee dans le texte,https://www.brvm.org/sites/default/files/20260505_-_rapport_dactivite_-_4eme_trimestre_2025_et_du_1er_trimestre_2026_-_vivo_energy_ci.pdf,2026-07-25T11:38:33.488166+00:00
24fb130ee996a862d7727e4f7d9752cfccddd645ea387c24637f0b2ed51a07bb,SHEC,,2623.0,2552.0,,,,NATIF,PROBABLE,pdfplumber,,"resultat net trouve, bilan complet non localise",https://www.brvm.org/sites/default/files/20250930_-_rapport_dactivites_-_1er_semestre_2025_-_vivo_enery_ci.pdf,2026-07-25T11:38:35.189529+00:00
71c4b304e214be45aac3ea3e39f494e11e2251f220501a1e7a3b66a6e9f0833a,LNBB,,1288.0,872.0,,,,NATIF,PROBABLE,pdfplumber,,"resultat net trouve, bilan complet non localise",https://www.brvm.org/sites/default/files/20240506_-_rapport_dactivite_du_1er_trimestre_2024.pdf,2026-07-25T11:38:36.660659+00:00
214b7517670220d02da2f46fad78e0b09465de780b38fd84c624fe6fc63c6fc5,BOAN,2025,357509.0,349869.0,,,,NATIF,PROBABLE,pdfplumber,,"resultat net trouve, bilan complet non localise -- CORRIGE 28/07/2026 : mal identifie BOABF au lieu de BOAN (document boa_ng.pdf, Niger pas Burkina Faso)",https://www.brvm.org/sites/default/files/20260318_-_rapport_du_ca_a_lago_-_exercice_2025_-_boa_ng.pdf,2026-07-25T11:38:44.488676+00:00
bc9c5f9b2dbe3a263e66ec0df8cd9e968d7e63c09e466256bc26c6d2c9031b3a,BOAN,2025,10134.0,10077.0,,,,NATIF,PROBABLE,pdfplumber,,"resultat net trouve, bilan complet non localise",https://www.brvm.org/sites/default/files/20250319_-_rapport_du_ca_a_lassemblee_generale_ordinaire_-_exercice_2024_-_boa_niger.pdf,2026-07-25T11:38:46.957572+00:00
c0736eacfaee23e7a792001d4ef57b056cfbb6be936f2f5e266cfb08c0e144ff,ECOC,2023,48071.0,44598.0,,1953299.0,,NATIF,PROBABLE,pdfplumber,,"resultat net trouve, bilan complet non localise",https://www.brvm.org/sites/default/files/20240328_-_resultats_financiers_-_exercice_2023_-_ecobank_ci.pdf,2026-07-25T11:39:20.349132+00:00
87666ebc525670272c36c8d9c0f831cfafe326c0536aa957e7da20e863ba105c,ORAC,,154890.0,153485.0,,,,NATIF,PROBABLE,pdfplumber,,"resultat net trouve, bilan complet non localise",https://www.brvm.org/sites/default/files/20240221_-_resultats_financiers_consolides_2023_-_orange_ci.pdf,2026-07-25T11:43:04.164238+00:00
66a34848abc4a5453637f5ccf8eb13d9bd8a1b1a56f66f1bb07605e51aa09c9d,STAC,,,,15068263.0,15068263.0,,NATIF,PROBABLE,camelot,,bilan equilibre ; unite non confirmee dans le texte,https://www.brvm.org/sites/default/files/20240412_-_resultats_financiers_provisoires_-_exercice_2023_-_setao_ci.pdf,2026-07-25T11:49:31.325675+00:00
1737174379f3bad146ce065ea5946a38caa329d3aa1cbf97e80722c6c4d1d27c,SICC,,40552244.0,-401184579.0,1863562466.0,1863562466.0,,NATIF,PROBABLE,pdfplumber,,bilan equilibre ; unite non confirmee dans le texte,https://www.brvm.org/sites/default/files/20140701_-_efa_-_sicor_ci_-_exercice_2013.pdf,2026-07-25T11:50:15.473311+00:00
b171ac32f2a9056509920f9117077cc1e997dd02ae5f8fdf8c57863a37d00e3d,SICC,2012,-401184579.0,-443008402.0,2086886373.0,2086886373.0,,NATIF,PROBABLE,pdfplumber,,bilan equilibre ; unite non confirmee dans le texte,https://www.brvm.org/sites/default/files/20140407_-_efp_-_sicor_ci_-_exercice_2012.pdf,2026-07-25T11:50:17.418383+00:00
924fa626d395e69d9247c630945e65d9035511807f12e243fa416253aedeeac3,SLBC,,,,271179.0,271179.0,,NATIF,PROBABLE,camelot,,bilan equilibre ; unite non confirmee dans le texte,https://www.brvm.org/sites/default/files/20200911_-_solibra_etats_2019_publication_ago_septembre_2020_002.pdf,2026-07-25T11:51:37.514576+00:00
bf707e368f4180ef44861dbe4dd82037b473c64ad003a86c1d7cd155817f89bf,SNTS,2023,19.0,,,,,NATIF,PROBABLE,pdfplumber,,"resultat net trouve, bilan complet non localise",https://www.brvm.org/sites/default/files/20240718_-_rapport_rse_-_exercice_2023_-_sonatel_sn.pdf,2026-07-25T11:51:42.871810+00:00
c63007d2c0b0be25f46753ffaa7340b9bb13e78ed61cc682ca70efba62774349,SNTS,2022,278912.0,252459.0,,2063844.0,821250.0,NATIF,PROBABLE,pdfplumber,,"resultat net trouve, bilan complet non localise",https://www.brvm.org/sites/default/files/comfi_groupe_sonatel_resultats_financiers_2022_fr_v_finale_brvm.pdf,2026-07-25T11:51:51.697027+00:00
1c6d354363938821d0a0af07b8e6700250bacb372b4995690ea7a44bec57dd43,PRSC,,719495392.0,2347088501.0,,,,NATIF,PROBABLE,pdfplumber,,"resultat net trouve, bilan complet non localise",https://www.brvm.org/sites/default/files/20231102_-_compte_de_resultats_-_1er_semestre_2023_-_tractafric_motors_ci.pdf,2026-07-25T11:52:46.955299+00:00
b4253d79198e39970adc6c96966bb80a4d25a2ddda912fbcc526d4c2c811df41,UNLC,2018,-4.877,-3.528,,,,NATIF,PROBABLE,pdfplumber,,"resultat net trouve, bilan complet non localise",https://www.brvm.org/sites/default/files/attestation_unilever_ci_-_30_juin_2019.pdf,2026-07-25T11:53:41.431353+00:00
