date,ticker,profil,grade,cours,date_cours,per,per_analyse
2026-10-09,ABJC,AUCUN_PROFIL,C,3290.0,2026-10-08,26.97,26.97
2026-10-09,BBGC,GARP,A,10200.0,2026-10-08,18.75,18.75
2026-10-09,BICB,AUCUN_PROFIL,C,8520.0,2026-10-08,13.58,13.58
2026-10-09,BICC,AUCUN_PROFIL,B,31450.0,2026-10-08,14.35,14.35
2026-10-09,BNBC,RETOURNEMENT,B,1905.0,2026-10-08,565.4,565.4
2026-10-09,BOAB,AUCUN_PROFIL,B,9400.0,2026-10-08,18.96,18.96
2026-10-09,BOABF,AUCUN_PROFIL,C,7950.0,2026-10-08,18.17,18.17
2026-10-09,BOAC,GARP,C,11295.0,2026-10-08,12.71,12.68
2026-10-09,BOAM,AUCUN_PROFIL,B,6095.0,2026-10-08,15.1,15.1
2026-10-09,BOAN,RETOURNEMENT,B,4800.0,2026-10-08,243.95,243.95
2026-10-09,BOAS,VALUE,C,8250.0,2026-10-08,13.56,13.56
2026-10-09,CABC,GARP,B,3175.0,2026-10-08,13.06,13.06
2026-10-09,CBIBF,AUCUN_PROFIL,B,31300.0,2026-10-08,15.29,15.29
2026-10-09,CFAC,AUCUN_PROFIL,C,1520.0,2026-10-08,32.76,32.76
2026-10-09,CIEC,AUCUN_PROFIL,B,6400.0,2026-10-08,27.3,27.3
2026-10-09,ECOC,GARP,B,16800.0,2026-10-08,14.57,14.57
2026-10-09,ETIT,GARP,B,68.0,2026-10-08,3.56,3.56
2026-10-09,FTSC,MUTATION,B,1870.0,2026-10-08,56.6,56.6
2026-10-09,LNBB,AUCUN_PROFIL,C,3950.0,2026-10-08,17.09,17.09
2026-10-09,NEIC,GARP,C,2200.0,2026-10-08,13.79,13.79
2026-10-09,NSBC,AUCUN_PROFIL,A,21000.0,2026-10-08,12.76,12.76
2026-10-09,NTLC,AUCUN_PROFIL,A,15495.0,2026-10-08,18.56,18.56
2026-10-09,ONTBF,VIGILANCE_CONTRACTION,B,2945.0,2026-10-08,13.79,13.79
2026-10-09,ORAC,AUCUN_PROFIL,B,21990.0,2026-10-08,19.74,19.74
2026-10-09,ORGT,VALUE,B,2890.0,2026-10-08,9.27,9.27
2026-10-09,PALC,VIGILANCE_CONTRACTION,B,7750.0,2026-10-08,7.73,7.73
2026-10-09,PRSC,AUCUN_PROFIL,B,4330.0,2026-10-08,18.73,18.73
2026-10-09,SAFC,NON_ANALYSABLE,C,4050.0,2026-10-08,68.58,68.58
2026-10-09,SCRC,RETOURNEMENT,B,1995.0,2026-04-29,15.09,15.09
2026-10-09,SDCC,AUCUN_PROFIL,B,12990.0,2026-10-08,19.88,19.88
2026-10-09,SDSC,NON_ANALYSABLE,C,2950.0,2026-10-08,204.57,204.57
2026-10-09,SEMC,VIGILANCE_CONTRACTION,C,1495.0,2026-10-08,37.21,37.21
2026-10-09,SGBC,VALUE,B,39200.0,2026-10-08,12.03,12.03
2026-10-09,SHEC,GROWTH,A,2275.0,2026-10-08,23.78,23.78
2026-10-09,SIBC,VIGILANCE_CONTRACTION,C,8750.0,2026-10-08,15.74,15.74
2026-10-09,SICC,NON_ANALYSABLE,C,4490.0,2026-06-09,139.98,139.98
2026-10-09,SIVC,MUTATION,B,1930.0,2026-10-08,94.02,94.02
2026-10-09,SLBC,VALUE,B,37090.0,2026-10-08,13.34,13.34
2026-10-09,SMBC,GARP,A,15900.0,2026-10-08,9.48,9.48
2026-10-09,SNTS,GARP,B,44980.0,2026-10-08,10.88,10.88
2026-10-09,SOGC,VALUE,B,8000.0,2026-10-08,13.83,13.83
2026-10-09,SPHC,GARP,B,8050.0,2026-10-08,8.24,8.24
2026-10-09,STAC,RETOURNEMENT,B,1175.0,2023-04-25,14.11,14.11
2026-10-09,STBC,VALUE,C,21695.0,2026-10-08,10.68,10.68
2026-10-09,TTLC,AUCUN_PROFIL,A,2980.0,2026-10-08,20.65,20.65
2026-10-09,TTLS,AUCUN_PROFIL,B,3800.0,2026-10-08,18.26,18.26
2026-10-09,UNLC,RETOURNEMENT,B,48000.0,2026-10-08,688.39,688.39
2026-10-09,UNXC,RETOURNEMENT,B,750.0,2023-04-27,11.11,11.11
