sha256,nom_fichier,url,periode
084bc1930c638d99fa9700cd1799c0ed32a77292fb629d002816e520e11f9536,298e025a_20220406_-_etats_financiers_exercice_2021_-_bicici.pdf,https://www.brvm.org/sites/default/files/20220406_-_etats_financiers_exercice_2021_-_bicici.pdf,2022
91732e2b594753948c7ce896083f9fc9d246b7dd6796c2a6a2f8c2121dc21e75,6a7315cd_20250627_-_etats_financiers_-_exercice_2024_-_bidc.pdf,https://www.brvm.org/sites/default/files/20250627_-_etats_financiers_-_exercice_2024_-_bidc.pdf,2025
4c0ec63ae7b5de83c1952fd745c435632f6fe3b1939efd48343b83ec664be393,75375bba_20260430_-_etats_financiers_-_exercice_2025_-_lnb_bn.pdf,https://www.brvm.org/sites/default/files/20260430_-_etats_financiers_-_exercice_2025_-_lnb_bn.pdf,2026
9935c5639c5ef59c3728b17ce60b6abf0e5e79957aa0a02a5b70f65d797580cb,082082d7_20250602_-_etats_financiers_-_exercice_2024_-_lnb_bn.pdf,https://www.brvm.org/sites/default/files/20250602_-_etats_financiers_-_exercice_2024_-_lnb_bn.pdf,2025
d008de01ac03d892cde4641082f282b6b570d4b4f4b2c1bce014b81c96feedc3,7aade047_20201022_-_etats_financiers_-_exercice_2019_-_movis_ci.pdf,https://www.brvm.org/sites/default/files/20201022_-_etats_financiers_-_exercice_2019_-_movis_ci.pdf,2020
0eac2fe486b4ee2c4aef7c7641f62a42f098bf9b4275e68e3e5fc168cd8e32df,f33c2189_etats_financiers_movis_ci_-_publication_boc-brvm_exercice_clos_le_31.12.2017.pdf,https://www.brvm.org/sites/default/files/etats_financiers_movis_ci_-_publication_boc-brvm_exercice_clos_le_31.12.2017.pdf,2017
657107d32c29c8fb62e8a42c49344aafe3c31140912cedd0612c81420ae2c9ee,ccd41d7f_20180621_-_etats_financiers_movis_ci_-_publication_boc-brvm_exercice_clos_le_31.12.2016.pdf,https://www.brvm.org/sites/default/files/20180621_-_etats_financiers_movis_ci_-_publication_boc-brvm_exercice_clos_le_31.12.2016.pdf,2018
a094a88416f78d6c6c8466ec41aae721c1ce75d79678814c13d1451835b829e2,aed60314_20161125-etats_financiers_exercice_2015_-_movis_ci.pdf,https://www.brvm.org/sites/default/files/20161125-etats_financiers_exercice_2015_-_movis_ci.pdf,2016
b0e8906f2d7fc0a67afaf413198bbaf53aedb584cfbd085cb27217c2a1cdfdac,492c3d27_20260427_-_etats_financiers_-_exercice_2025_-_sodeci.pdf,https://www.brvm.org/sites/default/files/20260427_-_etats_financiers_-_exercice_2025_-_sodeci.pdf,2026
cab2bf357a8a892a4874f5533d707eb4b56982741cc3b86851452db87b862b6a,471a2cf5_20240430_-_etats_financiers_individuel_et_consolide_-_exercice_2023_-_sodeci.pdf,https://www.brvm.org/sites/default/files/20240430_-_etats_financiers_individuel_et_consolide_-_exercice_2023_-_sodeci.pdf,2024
1fa026c89efabab6809347c2e0efef16ddab94353b1fce3bf5c1624b10109563,633120ec_20230428_-_etats_financiers_ifrs_exercice_2022_-_sodeci.pdf,https://www.brvm.org/sites/default/files/20230428_-_etats_financiers_ifrs_exercice_2022_-_sodeci.pdf,2023
4fd1d78f90bb6300c8786169c7b1a03d283292939a0f32671fb099737e1284a8,ab529be4_20230331_-_etats_financiers_exercice_2022_-_sodeci.pdf,https://www.brvm.org/sites/default/files/20230331_-_etats_financiers_exercice_2022_-_sodeci.pdf,2023
f1cbd28a9634e695b9bbb8f30112bcc927fe6418f3fc1e3f41cd29726f3987f1,ec1f6985_20220426_-_etats_financiers_individuels_syscohada_exercice_2021_-_sodeci.pdf,https://www.brvm.org/sites/default/files/20220426_-_etats_financiers_individuels_syscohada_exercice_2021_-_sodeci.pdf,2022
41cdf8ecf3951d2e851ab8d42ff1d19b1651d344dd76a9461f5cb91646074862,ff5156d9_20220426_-_etats_financiers_individuels_-_consolides_ifrs_exercice_2021_-_sodeci.pdf,https://www.brvm.org/sites/default/files/20220426_-_etats_financiers_individuels_-_consolides_ifrs_exercice_2021_-_sodeci.pdf,2022
23d4e540d12ff6e68ae0832333aac96561ac29e59c0977fcb41c29d738e0b3a0,9fe91cda_20240506_-_etats_financiers_provisoire_2023_.pdf,https://www.brvm.org/sites/default/files/20240506_-_etats_financiers_provisoire_2023_.pdf,2024
0fcff7944c90e385dc63c02d6631ef14863d29e67143616593f92c7ac006f218,443ce6be_20240430_-_rapport_dactivites_-_1er_trimestre_2024_-_bicici.pdf,https://www.brvm.org/sites/default/files/20240430_-_rapport_dactivites_-_1er_trimestre_2024_-_bicici.pdf,2024
40b06d55b7e273829c11669961f6a3e30cf3ad27b056fc5434e4a654a370db8a,37f18ce3_20230728_-_rapport_dactivites_-_1er_semestre_2023_-_bicici.pdf,https://www.brvm.org/sites/default/files/20230728_-_rapport_dactivites_-_1er_semestre_2023_-_bicici.pdf,2023
492df4551aa01c2e97415323331b50a3f4eed65e952d38e2e97b7a524b64fae0,404993ba_20221018_-_rapport_dactivite_-_3eme_trimestre_2022_-_bicici.pdf,https://www.brvm.org/sites/default/files/20221018_-_rapport_dactivite_-_3eme_trimestre_2022_-_bicici.pdf,2022
0a72f1336efb2a6ae2aced38a4744381ed1b66b14637dcfbc06ef497b396afe0,00c99c85_20220907_-_rapport_dactivite_-_1er_semestre_2022_-_bicici.pdf,https://www.brvm.org/sites/default/files/20220907_-_rapport_dactivite_-_1er_semestre_2022_-_bicici.pdf,2022
96c24dcc1175d5b4edaf54e52a9bbef1aa007f90a7d38f438af4a4b0943f55f9,6f604424_20220729_-_rapport_dactivite_-_2eme_trimestre_2022_-_bicici.pdf,https://www.brvm.org/sites/default/files/20220729_-_rapport_dactivite_-_2eme_trimestre_2022_-_bicici.pdf,2022
cb0f504adec94358892fde31b426412a943d217af796b079db2e2fad789f7774,cad22605_20231030_-_rapport_dactivites_-_3eme_trimestre_2023_-_cbibf.pdf,https://www.brvm.org/sites/default/files/20231030_-_rapport_dactivites_-_3eme_trimestre_2023_-_cbibf.pdf,2023
2580ac189433275062c62ac0cea955188f1bb8baa6a821c5830ab1c8d88ac521,7ed9da2b_20260507_-_rapport_dactivites_-_1er_trimestre_2026_-_lnb_bn.pdf,https://www.brvm.org/sites/default/files/20260507_-_rapport_dactivites_-_1er_trimestre_2026_-_lnb_bn.pdf,2026
ef904b5137acdb3ed8f4ef11614f16be83f9d9ed36d7feb5b78606e2df495132,b39f1a9d_20251027_-_rapport_dactivites_-_3eme_trimestre_2025_-_lnb_bn.pdf,https://www.brvm.org/sites/default/files/20251027_-_rapport_dactivites_-_3eme_trimestre_2025_-_lnb_bn.pdf,2025
f6bb4cd10920bae1b4699e014a9e51a9512d6b3e393809442598bdea3a997baa,81a40c23_20250926_-_rapport_dactivites_-_1er_semestre_2025_-_lnb_bn.pdf,https://www.brvm.org/sites/default/files/20250926_-_rapport_dactivites_-_1er_semestre_2025_-_lnb_bn.pdf,2025
33a041625ddcbb2d81f0e67159114ed42b4983fdeeab97c54dd7a5662d73b625,24d49a2f_20250602_-_rapport_dactivites_-_1er_trimestre_2025_-_lnb_bn.pdf,https://www.brvm.org/sites/default/files/20250602_-_rapport_dactivites_-_1er_trimestre_2025_-_lnb_bn.pdf,2025
9ef41b3e8345a49cc0a5ad833a970dfacb9ffe90a744d12b3e22ad938bc94694,0289c62a_20230428_-_rapport_dactivite_annuel_2022_-_sgci.pdf,https://www.brvm.org/sites/default/files/20230428_-_rapport_dactivite_annuel_2022_-_sgci.pdf,2023
883907f5966b8b993103d9f8f9947ac9380adc39ece019a2bb2821b1036bddc7,f7d96e07_20230428_-_rapport_dactivite_-_1er_trimestre_2023_-_sgci.pdf,https://www.brvm.org/sites/default/files/20230428_-_rapport_dactivite_-_1er_trimestre_2023_-_sgci.pdf,2023
96bd6d9293d20016f58d1164308f40d65c4e63bfe0f741c60b2a6197c4a1f09d,000c2902_rapport_dactivite_sgci_2022.pdf,https://www.brvm.org/sites/default/files/rapport_dactivite_sgci_2022.pdf,2022
9d297befd66b5713286a202094e2382bce6d7158d593b40353729eff648a917a,f7670449_20221031_-_rapport_dactivite_-_3eme_trimestre_2022_-_sgci.pdf,https://www.brvm.org/sites/default/files/20221031_-_rapport_dactivite_-_3eme_trimestre_2022_-_sgci.pdf,2022
6c4c977409c5bd7d930a4560ac7c2fbe14054139c05b8ce4e0d5b0fb43ea2f8e,381fd4e5_20220429_-_rapport_dactivite_-_1er_trimestre_2022_-_sgci_ci.pdf,https://www.brvm.org/sites/default/files/20220429_-_rapport_dactivite_-_1er_trimestre_2022_-_sgci_ci.pdf,2022
0a7fedbbe0751fa220a81535e0bc93029e885755fe82e275d4a0e0b6013428a1,aa3cabbf_20260427_-_rapport_dactivites_-_1er_trimestre_2026_-_sodeci.pdf,https://www.brvm.org/sites/default/files/20260427_-_rapport_dactivites_-_1er_trimestre_2026_-_sodeci.pdf,2026
0776bbc68f16e1a919852e9305974d68d4e41bfbf216cd13020283452c55c4f1,3fa8d0b8_20230427_-_rapport_dactivite_-_1er_trimestre_2023_-_sodeci.pdf,https://www.brvm.org/sites/default/files/20230427_-_rapport_dactivite_-_1er_trimestre_2023_-_sodeci.pdf,2023
8a6410356ce4a0c97cda9ffcbe4266f92f2fb39b5fa920079c30057f3c169e55,17bf3392_20221031_-_rapport_dactivite_-_1er_semestre_2022_-_sodeci.pdf,https://www.brvm.org/sites/default/files/20221031_-_rapport_dactivite_-_1er_semestre_2022_-_sodeci.pdf,2022
40f2e2d2de8ce8dc517dbbf6cefa31821787acd7f19531154d52096c7a31384b,68d81741_20221031_-_rapport_dactivite_-_3eme_trimestre_2022_-_sodeci.pdf,https://www.brvm.org/sites/default/files/20221031_-_rapport_dactivite_-_3eme_trimestre_2022_-_sodeci.pdf,2022
b443d487474f58298f287624f7ed386e15b234c6741933065e82e29a8fd7f210,199e332d_20220429_-_rapport_dactivite_-_1er_trimestre_2022_-_sodeci.pdf,https://www.brvm.org/sites/default/files/20220429_-_rapport_dactivite_-_1er_trimestre_2022_-_sodeci.pdf,2022
2c340b885165b8cbf2e6209044a3208de219fad88b9e8d2541ce26f4b1191e3c,4f0a1bc9_20211028_-_rapport_dactivite_au_3eme_trimestre_2021_-_sodeci.pdf,https://www.brvm.org/sites/default/files/20211028_-_rapport_dactivite_au_3eme_trimestre_2021_-_sodeci.pdf,2021
808511f379f777ecf325d76b2d64c7973bbf284f9ac58cf47b71faf13399d108,d58e3537_20210607_-_rapport_dactivites_au_1er_trimestre_2021_-_sodeci.pdf,https://www.brvm.org/sites/default/files/20210607_-_rapport_dactivites_au_1er_trimestre_2021_-_sodeci.pdf,2021
a3c4483bf114e9865e1b625f658c2f9c31c73a5cf23d8fec38fd08b760149bd2,5748b6a8_20221102_-_rapport_dactivite_-_3eme_trimestre_2022_-_total_ci.pdf,https://www.brvm.org/sites/default/files/20221102_-_rapport_dactivite_-_3eme_trimestre_2022_-_total_ci.pdf,2022
f60882d1e98cf452423036ad2edbceb69ade1502917b88cbf790cc21d3a17f45,c0ff47c3_bilan_et_compte_de_resultat_bicici_31_12_2022_.pdf,https://www.brvm.org/sites/default/files/bilan_et_compte_de_resultat_bicici_31_12_2022_.pdf,2022
506a1a778298ce323a02d16291bc0ad07f21d09e98a67b496c9daacea126f7ae,9e5c33a9_20160615_-_ra_-_movis_ci_-_exercice_2013.pdf,https://www.brvm.org/sites/default/files/20160615_-_ra_-_movis_ci_-_exercice_2013.pdf,2016
a6c1d1595b7a94a1c9f2001aa5da31f987e5b4ca5d366acbec82c41f078f2ea8,1c579121_20141128_-_efp_-_movis_ci_-_exercice_2013.pdf,https://www.brvm.org/sites/default/files/20141128_-_efp_-_movis_ci_-_exercice_2013.pdf,2014
0c7657f776a246ce8854654a061f542fe62399cf958bfac0e831376e7deb7fe1,23dea833_20151110_-_rs_-_movis_ci_-_exercice_2015.pdf,https://www.brvm.org/sites/default/files/20151110_-_rs_-_movis_ci_-_exercice_2015.pdf,2015
38723cd42ed8ee7873db3ce696594da88187d47f150eb48ecc02ffbb121fe896,c394e52b_20150605_-_efp_-_movis_ci_-_exercice_2014.pdf,https://www.brvm.org/sites/default/files/20150605_-_efp_-_movis_ci_-_exercice_2014.pdf,2015
48299477eb800ea07037c679d4bff2fc8e6dccc9ecef4f24bcb4b98b40b5dd14,c1c7df82_20140527_-_ra_-_movis_ci_-_exercice_2012.pdf,https://www.brvm.org/sites/default/files/20140527_-_ra_-_movis_ci_-_exercice_2012.pdf,2014
c17d937b409db0d7d00e10d8fa78f21b22d7ad3459fe9491f2ba015a0c9c3a2d,a8560508_20140227_-_efp_-_movis_ci_-_exercice_2012.pdf,https://www.brvm.org/sites/default/files/20140227_-_efp_-_movis_ci_-_exercice_2012.pdf,2014
c05fa7ab72459db08f66174903fb47635c0760bc198c1b983a8d4745260469c3,a2785e84_20130219_-_ra_-_movis_ci_-_exercice_2011.pdf,https://www.brvm.org/sites/default/files/20130219_-_ra_-_movis_ci_-_exercice_2011.pdf,2013
342e47899081ad769e89218cc8b44f6552d74e2530740648ccc9f760f6fc0547,98a654b1_20130204_-_efp_-_movis_c_i_-_exercice_2011.pdf,https://www.brvm.org/sites/default/files/20130204_-_efp_-_movis_c_i_-_exercice_2011.pdf,2013
e52ce0acfac0a3fd295462add736dd5d9379b9e4a9e1032a3b400d8370c8dd0b,882d99aa_20120302_-_efa_-_movis_ci_-_exercice_2010.pdf,https://www.brvm.org/sites/default/files/20120302_-_efa_-_movis_ci_-_exercice_2010.pdf,2012
0e4510bd8cf904f147599d130920cd9e036473c3017fd9bedfe44ee58c6dd494,2e08b14a_20100716_-_ra_-_movis_ci_-_exercice_2009_sivom_ci.pdf,https://www.brvm.org/sites/default/files/20100716_-_ra_-_movis_ci_-_exercice_2009_sivom_ci.pdf,2010
f95d7f5047883d0f2c9bdab92bcabf8573c9adad5f5e3d09b0ffe1bd12c9fae4,a0599364_20221102_-_attestation_des_commissaires_aux_comptes_-_1er_semestre_2022_-_total_ci.pdf,https://www.brvm.org/sites/default/files/20221102_-_attestation_des_commissaires_aux_comptes_-_1er_semestre_2022_-_total_ci.pdf,2022
8bca6f316b11972eb3e9f7de98563074d4d1be69c9a42788b0463b174bc9a0bc,080b112e_20091016_-_ra_-_trituraf_ci_-_exercice_2004.pdf,https://www.brvm.org/sites/default/files/20091016_-_ra_-_trituraf_ci_-_exercice_2004.pdf,divers
9a2b0e7f3190789ab40cf58469ea0882a223def4fb6a606ead971e46f0080c2d,b0899d1e_20090925_-_ra_-_trituraf_ci_-_exercice_2003.pdf,https://www.brvm.org/sites/default/files/20090925_-_ra_-_trituraf_ci_-_exercice_2003.pdf,divers
ad951a22a73a086e85e17cab237fa0288f6d2c126f991b1dc9f9a7dae11ea2a8,39cd6a08_20090925_-_ra_-_trituraf_ci_-_exercice_2002.pdf,https://www.brvm.org/sites/default/files/20090925_-_ra_-_trituraf_ci_-_exercice_2002.pdf,divers
8489c101fe8ce3dfc6ff04c2b5836e1924490f7b7b87df04e2cd1ffd94d53f84,2d900732_20090918_-_efp_-_trituraf_ci_-_exercice_2004.pdf,https://www.brvm.org/sites/default/files/20090918_-_efp_-_trituraf_ci_-_exercice_2004.pdf,divers
7dc7a5424de359dbdc4c0a1b5f62f618fbd91013110851b2deab402035a2a314,4ae5528b_20090530_-_ra_-_trituraf_ci_-_exercice_1998.pdf,https://www.brvm.org/sites/default/files/20090530_-_ra_-_trituraf_ci_-_exercice_1998.pdf,divers
4752882d212eebdd0dd3d29bbaa1d8fcbf501d9977449add625757112767793d,95c12c91_20090530_-_ra_-_trituraf_ci_-_exercice_1999.pdf,https://www.brvm.org/sites/default/files/20090530_-_ra_-_trituraf_ci_-_exercice_1999.pdf,divers
3380d62599705c23407501b9a6895d5902689b354599317f9c88232c8e245645,4ae2a046_20090530_-_ra_-_trituraf_ci_-_exercice_2000.pdf,https://www.brvm.org/sites/default/files/20090530_-_ra_-_trituraf_ci_-_exercice_2000.pdf,divers
997cc51c474374327e464a66880a9c9b0ac349ed0afdbbeb70721f6c00bc849d,a6b47d65_20090530_-_ra_-_trituraf_ci_-_exercice_2001.pdf,https://www.brvm.org/sites/default/files/20090530_-_ra_-_trituraf_ci_-_exercice_2001.pdf,divers
5d677f552fc4ec609ff39096d5a2a9690be50e0b8e2bf598d46feca0d8a87db3,f7187b92_publication_1er_trimestre_2017.pdf,https://www.brvm.org/sites/default/files/publication_1er_trimestre_2017.pdf,2017
