date_releve,libelle,valeur,releve_le,source
2026-10-02,BRVM-30,"264,57",2026-10-02T22:16:00+00:00,https://www.brvm.org/fr/volumes/0
2026-10-02,BRVM-C,"546,78",2026-10-02T22:16:00+00:00,https://www.brvm.org/fr/volumes/0
2026-10-02,BRVM-PRES,"202,83",2026-10-02T22:16:00+00:00,https://www.brvm.org/fr/volumes/0
2026-10-02,Capitalisation Actions,21 441 961 724 699 FCFA,2026-10-02T22:16:00+00:00,https://www.brvm.org/fr/volumes/0
2026-10-02,Capitalisation courante,21 441 961 724 699 FCFA,2026-10-02T22:16:00+00:00,https://www.brvm.org/fr/volumes/0
2026-10-02,Capitalisation des obligations,13 584 139 347 043 FCFA,2026-10-02T22:16:00+00:00,https://www.brvm.org/fr/volumes/0
2026-10-02,Nombre de sociétés,48,2026-10-02T22:16:00+00:00,https://www.brvm.org/fr/volumes/0
2026-10-02,Valeur des transactions,4 211 948 944 FCFA,2026-10-02T22:16:00+00:00,https://www.brvm.org/fr/volumes/0
2026-10-02,Variation YTD (%),"60,85",2026-10-02T22:16:00+00:00,https://www.brvm.org/fr/volumes/0
2026-10-02,Variation veille (%),"-0,41",2026-10-02T22:16:00+00:00,https://www.brvm.org/fr/volumes/0
