date_releve,ticker,connu_en_base,cours,per,volume,valeur,part_valeur,date_seance,date_seance_source,releve_le,source
2026-10-02,ABJC,oui,,28.69,4711,16408005,0.46,,absente de la page,2026-10-02T22:16:00+00:00,https://www.brvm.org/fr/volumes/0
2026-10-02,BBGC,non,,16.45,35239,315010535,8.89,,absente de la page,2026-10-02T22:16:00+00:00,https://www.brvm.org/fr/volumes/0
2026-10-02,BICB,oui,,14.03,1750,15365780,0.43,,absente de la page,2026-10-02T22:16:00+00:00,https://www.brvm.org/fr/volumes/0
2026-10-02,BICC,oui,,15.43,373,12574620,0.35,,absente de la page,2026-10-02T22:16:00+00:00,https://www.brvm.org/fr/volumes/0
2026-10-02,BNBC,oui,,578.76,3380,6220940,0.18,,absente de la page,2026-10-02T22:16:00+00:00,https://www.brvm.org/fr/volumes/0
2026-10-02,BOAB,oui,,18.93,1378,12970430,0.37,,absente de la page,2026-10-02T22:16:00+00:00,https://www.brvm.org/fr/volumes/0
2026-10-02,BOABF,oui,,18.74,2616,21434390,0.6,,absente de la page,2026-10-02T22:16:00+00:00,https://www.brvm.org/fr/volumes/0
2026-10-02,BOAC,oui,,12.93,9954,113540685,3.2,,absente de la page,2026-10-02T22:16:00+00:00,https://www.brvm.org/fr/volumes/0
2026-10-02,BOAM,oui,,15.09,6833,41653245,1.17,,absente de la page,2026-10-02T22:16:00+00:00,https://www.brvm.org/fr/volumes/0
2026-10-02,BOAN,oui,,254.11,7671,38403590,1.08,,absente de la page,2026-10-02T22:16:00+00:00,https://www.brvm.org/fr/volumes/0
2026-10-02,BOAS,oui,,13.44,13598,111791435,3.15,,absente de la page,2026-10-02T22:16:00+00:00,https://www.brvm.org/fr/volumes/0
2026-10-02,CABC,oui,,13.78,852,2713530,0.08,,absente de la page,2026-10-02T22:16:00+00:00,https://www.brvm.org/fr/volumes/0
2026-10-02,CBIBF,oui,,15.39,398,12426735,0.35,,absente de la page,2026-10-02T22:16:00+00:00,https://www.brvm.org/fr/volumes/0
2026-10-02,CFAC,oui,,31.25,7102,10229620,0.29,,absente de la page,2026-10-02T22:16:00+00:00,https://www.brvm.org/fr/volumes/0
2026-10-02,CIEC,oui,,27.52,3087,19837810,0.56,,absente de la page,2026-10-02T22:16:00+00:00,https://www.brvm.org/fr/volumes/0
2026-10-02,ECOC,oui,,14.56,1310,22152945,0.62,,absente de la page,2026-10-02T22:16:00+00:00,https://www.brvm.org/fr/volumes/0
2026-10-02,ETIT,oui,,3.51,740256,49475544,1.4,,absente de la page,2026-10-02T22:16:00+00:00,https://www.brvm.org/fr/volumes/0
2026-10-02,FTSC,oui,,60.38,4559,9077380,0.26,,absente de la page,2026-10-02T22:16:00+00:00,https://www.brvm.org/fr/volumes/0
2026-10-02,LNBB,oui,,16.55,30371,112466160,3.17,,absente de la page,2026-10-02T22:16:00+00:00,https://www.brvm.org/fr/volumes/0
2026-10-02,NEIC,oui,,14.01,5117,11104600,0.31,,absente de la page,2026-10-02T22:16:00+00:00,https://www.brvm.org/fr/volumes/0
2026-10-02,NSBC,oui,,13.61,1761,38847985,1.1,,absente de la page,2026-10-02T22:16:00+00:00,https://www.brvm.org/fr/volumes/0
2026-10-02,NTLC,oui,,17.86,938,14310880,0.4,,absente de la page,2026-10-02T22:16:00+00:00,https://www.brvm.org/fr/volumes/0
2026-10-02,ONTBF,oui,,13.72,15268,43481530,1.23,,absente de la page,2026-10-02T22:16:00+00:00,https://www.brvm.org/fr/volumes/0
2026-10-02,ORAC,oui,,18.18,3193,68204965,1.92,,absente de la page,2026-10-02T22:16:00+00:00,https://www.brvm.org/fr/volumes/0
2026-10-02,ORGT,oui,,9.32,1687,4945975,0.14,,absente de la page,2026-10-02T22:16:00+00:00,https://www.brvm.org/fr/volumes/0
2026-10-02,PALC,oui,,8.27,1433,11866060,0.33,,absente de la page,2026-10-02T22:16:00+00:00,https://www.brvm.org/fr/volumes/0
2026-10-02,PRSC,oui,,16.89,379,1479990,0.04,,absente de la page,2026-10-02T22:16:00+00:00,https://www.brvm.org/fr/volumes/0
2026-10-02,SAFC,oui,,74.25,7349,33148195,0.94,,absente de la page,2026-10-02T22:16:00+00:00,https://www.brvm.org/fr/volumes/0
2026-10-02,SCRC,oui,,,7140,19626185,0.55,,absente de la page,2026-10-02T22:16:00+00:00,https://www.brvm.org/fr/volumes/0
2026-10-02,SDCC,oui,,19.87,1647,20669285,0.58,,absente de la page,2026-10-02T22:16:00+00:00,https://www.brvm.org/fr/volumes/0
2026-10-02,SDSC,oui,,207.35,12636,37601110,1.06,,absente de la page,2026-10-02T22:16:00+00:00,https://www.brvm.org/fr/volumes/0
2026-10-02,SEMC,oui,,37.21,0,0,0,,absente de la page,2026-10-02T22:16:00+00:00,https://www.brvm.org/fr/volumes/0
2026-10-02,SGBC,oui,,12.27,10071,395052075,11.14,,absente de la page,2026-10-02T22:16:00+00:00,https://www.brvm.org/fr/volumes/0
2026-10-02,SHEC,oui,,24.04,3356,7748670,0.22,,absente de la page,2026-10-02T22:16:00+00:00,https://www.brvm.org/fr/volumes/0
2026-10-02,SIBC,oui,,16.47,9042,82363920,2.32,,absente de la page,2026-10-02T22:16:00+00:00,https://www.brvm.org/fr/volumes/0
2026-10-02,SICC,oui,,,0,0,0,,absente de la page,2026-10-02T22:16:00+00:00,https://www.brvm.org/fr/volumes/0
2026-10-02,SIVC,oui,,97.43,3182,6448715,0.18,,absente de la page,2026-10-02T22:16:00+00:00,https://www.brvm.org/fr/volumes/0
2026-10-02,SLBC,oui,,13.3,397,14764130,0.42,,absente de la page,2026-10-02T22:16:00+00:00,https://www.brvm.org/fr/volumes/0
2026-10-02,SMBC,oui,,9.81,339,5536700,0.16,,absente de la page,2026-10-02T22:16:00+00:00,https://www.brvm.org/fr/volumes/0
2026-10-02,SNTS,oui,,10.88,36615,1647410340,46.47,,absente de la page,2026-10-02T22:16:00+00:00,https://www.brvm.org/fr/volumes/0
2026-10-02,SOGC,oui,,13.73,970,7705070,0.22,,absente de la page,2026-10-02T22:16:00+00:00,https://www.brvm.org/fr/volumes/0
2026-10-02,SPHC,oui,,8.08,2320,18388195,0.52,,absente de la page,2026-10-02T22:16:00+00:00,https://www.brvm.org/fr/volumes/0
2026-10-02,STAC,oui,,,6421,13164350,0.37,,absente de la page,2026-10-02T22:16:00+00:00,https://www.brvm.org/fr/volumes/0
2026-10-02,STBC,oui,,10.82,1378,29680090,0.84,,absente de la page,2026-10-02T22:16:00+00:00,https://www.brvm.org/fr/volumes/0
2026-10-02,TTLC,oui,,20.79,3560,10620935,0.3,,absente de la page,2026-10-02T22:16:00+00:00,https://www.brvm.org/fr/volumes/0
2026-10-02,TTLS,oui,,17.78,6655,23246730,0.66,,absente de la page,2026-10-02T22:16:00+00:00,https://www.brvm.org/fr/volumes/0
2026-10-02,UNLC,oui,,731.42,25,1274500,0.04,,absente de la page,2026-10-02T22:16:00+00:00,https://www.brvm.org/fr/volumes/0
2026-10-02,UNXC,oui,,,14069,32724275,0.92,,absente de la page,2026-10-02T22:16:00+00:00,https://www.brvm.org/fr/volumes/0
2026-10-06,ABJC,oui,,27.18,4034,13418580,0.38,,absente de la page,2026-10-06T00:56:42+00:00,https://www.brvm.org/fr/volumes/0
2026-10-06,BBGC,oui,,16.9,27275,246350500,6.94,,absente de la page,2026-10-06T00:56:42+00:00,https://www.brvm.org/fr/volumes/0
2026-10-06,BICB,oui,,13.71,2313,20073880,0.57,,absente de la page,2026-10-06T00:56:42+00:00,https://www.brvm.org/fr/volumes/0
2026-10-06,BICC,oui,,14.29,971,31203395,0.88,,absente de la page,2026-10-06T00:56:42+00:00,https://www.brvm.org/fr/volumes/0
2026-10-06,BNBC,oui,,535.72,3655,6761545,0.19,,absente de la page,2026-10-06T00:56:42+00:00,https://www.brvm.org/fr/volumes/0
2026-10-06,BOAB,oui,,18.92,2318,21640815,0.61,,absente de la page,2026-10-06T00:56:42+00:00,https://www.brvm.org/fr/volumes/0
2026-10-06,BOABF,oui,,18.06,2231,18033125,0.51,,absente de la page,2026-10-06T00:56:42+00:00,https://www.brvm.org/fr/volumes/0
2026-10-06,BOAC,oui,,12.89,7257,82630855,2.33,,absente de la page,2026-10-06T00:56:42+00:00,https://www.brvm.org/fr/volumes/0
2026-10-06,BOAM,oui,,15.11,5113,31188015,0.88,,absente de la page,2026-10-06T00:56:42+00:00,https://www.brvm.org/fr/volumes/0
2026-10-06,BOAN,oui,,251.57,5732,28046910,0.79,,absente de la page,2026-10-06T00:56:42+00:00,https://www.brvm.org/fr/volumes/0
2026-10-06,BOAS,oui,,13.62,14001,114766565,3.23,,absente de la page,2026-10-06T00:56:42+00:00,https://www.brvm.org/fr/volumes/0
2026-10-06,CABC,oui,,13.78,1415,4610595,0.13,,absente de la page,2026-10-06T00:56:42+00:00,https://www.brvm.org/fr/volumes/0
2026-10-06,CBIBF,oui,,15.39,864,27324420,0.77,,absente de la page,2026-10-06T00:56:42+00:00,https://www.brvm.org/fr/volumes/0
2026-10-06,CFAC,oui,,31.46,9374,13659460,0.38,,absente de la page,2026-10-06T00:56:42+00:00,https://www.brvm.org/fr/volumes/0
2026-10-06,CIEC,oui,,27.43,5493,34905895,0.98,,absente de la page,2026-10-06T00:56:42+00:00,https://www.brvm.org/fr/volumes/0
2026-10-06,ECOC,oui,,14.53,1625,27435135,0.77,,absente de la page,2026-10-06T00:56:42+00:00,https://www.brvm.org/fr/volumes/0
2026-10-06,ETIT,oui,,3.51,2258618,149289098,4.21,,absente de la page,2026-10-06T00:56:42+00:00,https://www.brvm.org/fr/volumes/0
2026-10-06,FTSC,oui,,55.99,6982,13118550,0.37,,absente de la page,2026-10-06T00:56:42+00:00,https://www.brvm.org/fr/volumes/0
2026-10-06,LNBB,oui,,16.83,4750,18256105,0.51,,absente de la page,2026-10-06T00:56:42+00:00,https://www.brvm.org/fr/volumes/0
2026-10-06,NEIC,oui,,14.01,4531,9669820,0.27,,absente de la page,2026-10-06T00:56:42+00:00,https://www.brvm.org/fr/volumes/0
2026-10-06,NSBC,oui,,13.37,1908,42111400,1.19,,absente de la page,2026-10-06T00:56:42+00:00,https://www.brvm.org/fr/volumes/0
2026-10-06,NTLC,oui,,18.55,1800,27448935,0.77,,absente de la page,2026-10-06T00:56:42+00:00,https://www.brvm.org/fr/volumes/0
2026-10-06,ONTBF,oui,,13.58,4280,12343470,0.35,,absente de la page,2026-10-06T00:56:42+00:00,https://www.brvm.org/fr/volumes/0
2026-10-06,ORAC,oui,,17.87,2883,58470485,1.65,,absente de la page,2026-10-06T00:56:42+00:00,https://www.brvm.org/fr/volumes/0
2026-10-06,ORGT,oui,,9.3,3637,10546830,0.3,,absente de la page,2026-10-06T00:56:42+00:00,https://www.brvm.org/fr/volumes/0
2026-10-06,PALC,oui,,8.32,2553,21203625,0.6,,absente de la page,2026-10-06T00:56:42+00:00,https://www.brvm.org/fr/volumes/0
2026-10-06,PRSC,oui,,16.87,804,3127720,0.09,,absente de la page,2026-10-06T00:56:42+00:00,https://www.brvm.org/fr/volumes/0
2026-10-06,SAFC,oui,,71.12,4662,20138790,0.57,,absente de la page,2026-10-06T00:56:42+00:00,https://www.brvm.org/fr/volumes/0
2026-10-06,SCRC,oui,,,5398,15222330,0.43,,absente de la page,2026-10-06T00:56:42+00:00,https://www.brvm.org/fr/volumes/0
2026-10-06,SDCC,oui,,19.86,989,12787565,0.36,,absente de la page,2026-10-06T00:56:42+00:00,https://www.brvm.org/fr/volumes/0
2026-10-06,SDSC,oui,,214.63,12656,39163090,1.1,,absente de la page,2026-10-06T00:56:42+00:00,https://www.brvm.org/fr/volumes/0
2026-10-06,SEMC,oui,,37.21,0,0,0,,absente de la page,2026-10-06T00:56:42+00:00,https://www.brvm.org/fr/volumes/0
2026-10-06,SGBC,oui,,11.97,4101,162145690,4.57,,absente de la page,2026-10-06T00:56:42+00:00,https://www.brvm.org/fr/volumes/0
2026-10-06,SHEC,oui,,23.15,11962,26985665,0.76,,absente de la page,2026-10-06T00:56:42+00:00,https://www.brvm.org/fr/volumes/0
2026-10-06,SIBC,oui,,16.2,7766,70272915,1.98,,absente de la page,2026-10-06T00:56:42+00:00,https://www.brvm.org/fr/volumes/0
2026-10-06,SICC,oui,,,0,0,0,,absente de la page,2026-10-06T00:56:42+00:00,https://www.brvm.org/fr/volumes/0
2026-10-06,SIVC,oui,,97.18,817,1630270,0.05,,absente de la page,2026-10-06T00:56:42+00:00,https://www.brvm.org/fr/volumes/0
2026-10-06,SLBC,oui,,13.41,1321,49268650,1.39,,absente de la page,2026-10-06T00:56:42+00:00,https://www.brvm.org/fr/volumes/0
2026-10-06,SMBC,oui,,10.14,713,11844925,0.33,,absente de la page,2026-10-06T00:56:42+00:00,https://www.brvm.org/fr/volumes/0
2026-10-06,SNTS,oui,,10.88,41818,1881402125,53.01,,absente de la page,2026-10-06T00:56:42+00:00,https://www.brvm.org/fr/volumes/0
2026-10-06,SOGC,oui,,13.18,818,6426450,0.18,,absente de la page,2026-10-06T00:56:42+00:00,https://www.brvm.org/fr/volumes/0
2026-10-06,SPHC,oui,,8.17,4300,33916875,0.96,,absente de la page,2026-10-06T00:56:42+00:00,https://www.brvm.org/fr/volumes/0
2026-10-06,STAC,oui,,,5280,11172310,0.31,,absente de la page,2026-10-06T00:56:42+00:00,https://www.brvm.org/fr/volumes/0
2026-10-06,STBC,oui,,10.73,2739,59919430,1.69,,absente de la page,2026-10-06T00:56:42+00:00,https://www.brvm.org/fr/volumes/0
2026-10-06,TTLC,oui,,20.96,7175,21679055,0.61,,absente de la page,2026-10-06T00:56:42+00:00,https://www.brvm.org/fr/volumes/0
2026-10-06,TTLS,oui,,17.3,6454,22358260,0.63,,absente de la page,2026-10-06T00:56:42+00:00,https://www.brvm.org/fr/volumes/0
2026-10-06,UNLC,oui,,682.66,28,1335015,0.04,,absente de la page,2026-10-06T00:56:42+00:00,https://www.brvm.org/fr/volumes/0
2026-10-06,UNXC,oui,,,6106,14032545,0.4,,absente de la page,2026-10-06T00:56:42+00:00,https://www.brvm.org/fr/volumes/0
