ticker,type,date_avis,note_avis,note
TEST_EXCLU,RETARD_PUBLICATION,2025-06-01,echeance semestrielle 2025 manquee (synthetique),
TEST_EXCLU,RETARD_PUBLICATION,2026-01-01,echeance annuelle 2025 manquee (synthetique),
STBC,ANOMALIE_NON_EXPLIQUEE,2025-05-07,"Exercice 2024 : resultat net +261% et total actif triple vs 2023, cause non confirmee (hypothese : element exceptionnel type HAO, non verifie faute de detail ligne par ligne) — a investiguer avant tout usage en test de facteur historique",R4 — flux d'avis contextuels (non-exclusion mais surfaces en alerte)
ORGT,NOTATION_DEGRADEE,2025-06-13,"Fitch estime le processus de defaut enclenche (source : Sika Finance, 13/06/2025)",
ORGT,GOUVERNANCE,2024-06-01,"crise de gouvernance, departs de dirigeants et echec du rachat par Vista documentes par la presse (Togo First, 05/2026)",
SAFC,GOUVERNANCE,2025-04-01,"Changement d'actionnaire de controle : CREDAF Group prend le controle en avril 2025 ; le redressement 2025 est explicitement attribue a la nouvelle gouvernance (source : Sika Finance, 05/2026)",
SAFC,OPERATION_CAPITAL,2026-05-01,"Augmentation de capital de 1,5 Md FCFA en cours (souscriptions closes 06/2026) — dilution a anticiper sur le BPA futur (source : Sika Finance, 05/2026)",
SAFC,GUIDANCE_DIVIDENDE,2025-04-28,La direction annonce ne pas prevoir de distribution avant 2028 (3 ans de stabilisation de la rentabilite post-redressement) — a distinguer d'un simple oubli (source : Sika Finance),
FTSC,ARTEFACT_COMPTABLE,2024-12-31,"Resultat net 2024 domine par un gain HAO exceptionnel (18,86 Mds FCFA) ; le recul 2025 reflete un retour a un resultat operationnel normalise, pas une degradation reelle",
BOAN,PROFIT_WARNING,2026-03-01,"Deux avertissements sur resultat emis (12/2025 et 03/2026) avant publication ; effondrement -91.8% du resultat net, bilan total en contraction de 9.5% (source : BOA Group, Le Sahel 04/2026)",
SEMC,SUSPENSION,2025-01-02,"Suspension temporaire de cotation (non-respect du flottant reglementaire minimum 15%), levee le 15/12/2025 (pres de 12 mois) ; societe renommee Crown Siem -> Eviosys -> Sonoco Packaging Siem sur la periode (source : Sika Finance)",
SPHC,CYCLE_MATIERE_PREMIERE,2025-03-24,"Croissance 2024 (+417%) confirmee liee au cycle mondial du caoutchouc naturel (plus haut niveau en 7 ans, deficit d'offre Thailande/Indonesie/Vietnam + demande vehicules electriques) — choc externe sectoriel reel et documente, PAS un artefact comptable, mais exposition cyclique a noter",
SOGC,CYCLE_MATIERE_PREMIERE,2025-05-07,"Croissance 2024 (+149%) confirmee liee au meme cycle mondial du caoutchouc (+29% sur les prix) et de l'huile de palme (+14%) — retournement 2025 (-4.71%, concurrence accrue sur le coagulum) confirme un vrai cycle de marche, pas un artefact qui s'inverse",
UNXC,CHOC_EXTERNE_DOCUMENTE,2021-05-25,"Croissance 2021 (+505.7%) confirmee liee a un vrai choc COVID en 2020 (CA -13%, RN -92.5% du fait du couvre-feu et de la fermeture des frontieres, explicitement documente par la direction) suivi d'une reprise operationnelle reelle en 2021 — pas un artefact comptable. Point de vigilance : actualite 2026 mentionne des soupcons de 'mirage comptable' chez Uniwax, hors periode actuelle, a verifier lors d'une future collecte des exercices 2024-2026",
SDSC,RETARD_PUBLICATION,2025-04-30,"Manquement legal CONFIRME par les commissaires aux comptes eux-memes (Deloitte CI, ECR International, rapport du 20/06/2025) : etats financiers 2024 non arretes dans le delai legal de 4 mois (echeance 30/04/2025, non respectee) — 'manquement aux obligations comptables formelles'. Comptes 2023 encore en cours de cloture en aout 2025. Chiffre d'affaires 2024 confirme : 85 643 M FCFA.",
SDSC,DIVERGENCE_PRIX_FONDAMENTAUX,2025-11-17,"Resultat net annuel non extrait avec confiance malgre documents 2023/2024 localises sur brvm.org (le robot de collecte ne les avait jamais recuperes — corrige le 11/07/2026, section documentaire trouvee mais tableaux chiffres non exploites). Tendance operationnelle en degradation confirmee sur plusieurs trimestres consecutifs : RN -168% (T1 2024), contraction (T3 2024), resultat d'exploitation -49% a -662M FCFA et benefice -77% (T3 2025). Financial Afrik (17/11/2025) qualifie explicitement la situation d'asymetrie de l'information : le cours serait soutenu par le controle strategique du groupe (MSC) et la rarete des valeurs logistiques BRVM, independamment de la performance.",
