ticker,exercice,resultat_net,resultat_net_n1,total_actif,total_passif,capitaux_propres,dettes_financieres,payout_ratio,solvabilite_bancaire,source_type,statut_donnee,date_publication,note
SDSC,2025,784.97,21068.974,259448.239,259448.24,72872.106,8230.97,0.6935,,NATIF,PROBABLE,2026-08-03,"AJOUT 06/08/2026 : ""Etats financiers de synthese PROVISOIRE au 31/12/2025"", publie BRVM le 03/08/2026, mention ""certifies par les Commissaires aux Comptes"". Statut PROBABLE et non VALIDE : le document se declare lui-meme PROVISOIRE. A repasser en VALIDE a la publication de la version definitive. RUPTURE MAJEURE : RN 784,970 M contre 21068,974 M en 2024, soit -96,3 %, alors que le CA progresse de 7,4 % (92004,268 vs 85643,038). Trois causes lisibles au compte de resultat : resultat d'exploitation NEGATIF (-2271,029 contre +941,675) sous l'effet de dotations en hausse de 41 % (capex corporel double) ; produits financiers divises par trois (7864,830 contre 22108,212) ; impots multiplies par six (3942,910 contre 677,946). Dividende propose ramene a 544,353 M contre 5008,048 M verses les deux exercices precedents (-89 %). LECON : en 2024 deja, le RN etait a 96 % d'origine FINANCIERE (RE 941,675 pour un resultat financier de 20870,055). Le profilage sur RN total avait donc valide une croissance qui n'existait pas au niveau du metier -> drapeau RESULTAT_NON_OPERATIONNEL ajoute au moteur (06/08/2026). Verification arithmetique : RN 784,970 = dividendes 544,353 + report 240,617 (exact)."
SDSC,2024,21068.974,17138.527,188126.016,188126.016,77808.004,8324.985,0.2377,,NATIF,VALIDE,2025-08-29,"AJOUT 14/07/2026 (relance SDSC) : PDF officiel certifie ""Etats financiers et rapport des CAC - Exercice 2024"" (ECR International, signe Abidjan 20/06/2025, depose BRVM 29/08/2025). Verification arithmetique : RN 21068.974 - dividende propose 5008.048 = report a nouveau 16060.926 (exact). Document en MILLIERS de FCFA dans l'original -> converti en millions (/1000) pour coherence avec le reste de la base. CP = Capital + Primes et Reserves + Resultat + Autres capitaux propres (10887.060+45139.150+21068.974+712.820). RAO non retranscrit (tableau compte de resultat trop degrade a l'extraction pour une lecture fiable ligne a ligne) -> laisse a None, integrite > couverture."
SDSC,2023,17138.527,10044,157733.319,157733.319,61747.077,10733.982,,,NATIF,VALIDE,2025-08-29,"meme document (colonne comparative 2023, certifiee)"
SDSC,2022,10044,13942,,,,,,,NATIF,PROBABLE,,"AJOUT 14/07/2026 (relance SDSC) : source = fiche officielle BRVM (page profil emetteur, tableau ""indicateurs sur les 3 dernieres annees""), PAS le PDF d'etats financiers complet -> bilan (actif/passif/CP) inconnu ici, d'ou PROBABLE et non VALIDE. CA 86997 M FCFA non stocke (colonne absente du schema, gap connu). date_publication=None : la page profil ne donne pas la date reelle de depot, et en fabriquer une fausserait l'anti-look-ahead documente dans le schema. URL : brvm.org/fr/emetteurs/societes-cotees/africa-global-logistics-agl-cote-divoire"
SDSC,2021,13942,13455,,,,,,,NATIF,PROBABLE,,"meme source, meme reserve bilan et date"
SDSC,2020,13455,,,,,,,,NATIF,PROBABLE,,meme source ; pas d'annee anterieure pour RN N-1
ETIT,2025,345523,299708,19243865,19243865,1597846,,,,NATIF,VALIDE,2026-04-13,"RESOLU 11/07/2026 via web_fetch direct sur brvm.org — page dediee jamais collectee par le robot (gap depuis le debut du projet). Donnees consolidees groupe (part du Groupe seule : RN=236781, CP=1077652 si preference future — convention consolidee retenue ici pour coherence avec CIEC/SDCC deja traites en consolide)."
SNTS,2025,413588,393662,3270175,3270175,1399263,,,,NATIF,VALIDE,2026-02-16,confirme exactement DEUX_SOURCE (413600~413588) + CP/TA obtenus
STBC,2025,36463.616375,44173.762491,75047.177792,75047.177792,45642.447915,,0.8,,NATIF,VALIDE,2026-06-25,"CP reconstruit (capital+primes+reserves+report+RN, pas de ligne TOTAL directement libellee). Note : le comparatif 2024 ici (RN=44173.762491, TA=94925.572191) diverge legerement de la ligne 2024 deja en base (RN=44730.358142, TA=94359.747890) — plusieurs versions ""annule et remplace"" existent pour ce document, ligne 2024 existante non ecrasee"
NSBC,2025,40712,38112,3073062,3073062,233300,,,,DEUX_SOURCE,VALIDE,2026-05-13,
SMBC,2025,13075,8698,180003,180003,42913,,,,NATIF,VALIDE,2026-05-12,
SAFC,2025,701,-165,79555,79555,5916,,,,NATIF,VALIDE,2026-06-09,
SAFC,2024,-165,-603,74195,74195,5215,,,,NATIF,VALIDE,2025-07-03,en millions FCFA (mention explicite du document)
ORGT,2025,21640,-44400,4014192,4014192,113000,,0.0,,DEUX_SOURCE,VALIDE,2026-05-04,--- P6/P7 : historique multi-exercices (preuve de concept) ---
ORGT,2024,-44363,-18186,,,96720,,,,OCR,PROBABLE,2025-04-30,"comble le trou 2024 detecte par le detecteur ; confirme le 2023 deja en base (RN -18186 exact, CP 143822 exact) — OCR propre malgre document scanne"
ORGT,2023,-18186,19199,4236478,4236478,143822,,,,NATIF,VALIDE,2024-04-29,2e annee de perte consecutive (avec 2024) — decouverte P6
ORGT,2022,19199,19798,,,165995,,,,NATIF,VALIDE,2023-04-26,
ORGT,2021,19798,9440,,,164752,,,,NATIF,VALIDE,2022-04-26,
SAFC,2021,-603,-1640,64690,64690,,,,,NATIF,VALIDE,2022-04-25,"2e annee de perte consecutive (2020-2021), avant redressement 2025"
STBC,2024,44730.358142,12399.004223,94359.74789,94359.74789,,,,,NATIF,VALIDE,2025-05-07,"CONFIRME PAR SOURCAGE (lejecos.com, financialafrik.com, 05/2025) : vraie performance operationnelle (EBE +233%, resultat d'exploitation x3.4), PAS un artefact. Repli -18% en 2025 = vrai cycle d'affaires (pression fiscale tabac accrue), pas un retour d'artefact."
STBC,2023,12399.004223,11503.188097,35417.065559,35417.065559,,,,,NATIF,VALIDE,2024-06-05,
STBC,2022,11503.188097,9642.415475,31612.3121,31612.3121,,,,,NATIF,VALIDE,2023-08-14,
NSBC,2024,38112,34813,2514388,2514388,215330,,,,NATIF,VALIDE,2025-03-25,ordre colonnes INVERSE (ancien->recent) sur cette serie de documents — confirme par coherence en chaine entre rapports successifs (decouverte proactive P6)
NSBC,2023,34813,32382,2037064,2037064,189719,,,,NATIF,VALIDE,2024-03-28,
NSBC,2022,32382,23713,1885056,1885056,164905,,,,NATIF,VALIDE,2023-03-31,
NSBC,2021,23713,7201,1644547,1644547,132524,,,,NATIF,VALIDE,2022-05-12,
SMBC,2023,17255,9421,183993,183993,35951,,,,NATIF,VALIDE,2024-05-13,
SMBC,2022,9421,8623,164780,164780,24932,,,,NATIF,VALIDE,2023-08-16,
SMBC,2024,8698,17255,163113,163113,35294,,,,NATIF,VALIDE,2025-04-30,"--- P6 lot 4 : CABC (serie complete 7 ans, un seul document source) + CBIBF 2022 ---"
CABC,2024,1375.096,1134.614,21797.159,21797.159,8677.962,427.574,0.381,,NATIF,VALIDE,2026-03-11,
CABC,2023,1134.614,795.528,21402.583,21402.583,7889.777,436.992,0.4,,NATIF,VALIDE,2026-03-11,
CABC,2022,795.528,695.648,19534.981,19534.981,7090.018,445.884,0.571,,NATIF,VALIDE,2026-03-11,
CABC,2021,695.648,1278.894,18473.162,18473.162,6924.235,458.336,1.258,,NATIF,VALIDE,2026-03-11,payout >100% cet exercice (dividende 874.844 vs RN 695.648)
CABC,2020,1278.894,576.556,14786.028,14786.028,7113.911,471.554,0.386,,NATIF,VALIDE,2026-03-11,
CABC,2019,576.556,,15307.205,15307.205,6363.516,485.004,0.856,,NATIF,VALIDE,2026-03-11,"premiere annee de la serie, pas de comparatif N-1 dans ce document"
CBIBF,2022,56478,,2289034,2289034,189815.228513,,,,NATIF,PROBABLE,2023-04-27,"RN N-1 illisible (texte source corrompu), TA/TP identite confirmee"
SNTS,2024,393662,331748,3105287,3105287,,,,,NATIF,VALIDE,2025-02-21,"coherent avec le N-1 deja stocke pour 2025 (393600, ecart d'arrondi)"
SNTS,2023,331748,278912,,,,,,,NATIF,VALIDE,2024-02-22,--- P6 lot 6 : SPHC (chaine 5 ans validee) + SOGC (3 ans) ---
SPHC,2024,18790.217905,3635.138559,222208.16455,222208.16455,122370.184084,,,,NATIF,VALIDE,2025-03-19,"chaine confirmee, coincide exactement avec le N-1 deja stocke pour 2025"
SPHC,2023,3635.138559,16700.611131,195801.292931,195801.292931,105420.142539,,,,NATIF,VALIDE,2024-07-18,
SPHC,2022,16700.611131,20750.470464,183889.630318,183889.630318,103818.410514,,,,NATIF,VALIDE,2023-08-02,
SOGC,2024,13110.79,5270.304,,,,,,,NATIF,VALIDE,2025-04-30,coherent avec le N-1 deja stocke pour 2025
SOGC,2023,5270.304,15652.983,,,,,,,NATIF,PROBABLE,2024-04-29,extraction moins nette (cellule multi-lignes concatenee)
SOGC,2022,15652.983,14728.28,,,,,,,NATIF,VALIDE,2023-04-24,"--- P6 lot 7 : SHEC (chaine 6 ans, perte 2020 revelee) + PALC ---"
SHEC,2024,5353.993378,4011.602748,207064.380555,207064.380555,,,,,NATIF,VALIDE,2025-05-16,coincide exactement avec le N-1 deja stocke pour 2025
SHEC,2023,4011.602748,3548.638458,169830.273541,169830.273541,,,,,NATIF,VALIDE,2024-06-06,
SHEC,2022,3548.638458,2359.622661,119461.700193,119461.700193,,,,,NATIF,VALIDE,2023-11-03,
SHEC,2021,2359.622661,-4788.012834,101262.735128,101262.735128,,,,,NATIF,VALIDE,2022-09-06,"revele une perte en 2020 (COVID probable), redressement continu depuis"
PALC,2024,15861.643,19351.846,202603.319,202603.319,135061.151,,,,NATIF,VALIDE,2025-04-17,
PALC,2023,19351.846,,205938.435,205938.435,128875.431,,,,NATIF,PROBABLE,2025-04-17,"extraction partielle (tableau desorganise), N-2 non capture"
BOABF,2025,19252,22419,,,56140,,1.037,,DEUX_SOURCE,VALIDE,2026-03-23,
BOABF,2023,29062.589535,25476.935672,,,,,,,OCR,PROBABLE,2024-03-01,chaine confirmee : 2024=22419.223685 exact vs deja en base
BOABF,2022,25476.935672,21244.692497,1163299.866414,1163299.866414,,,,,OCR,PROBABLE,2023-02-23,
BOABF,2021,21244.692497,,1073229.476522,1073229.476522,,,,,OCR,PROBABLE,2023-02-23,"donnee N-1 extraite du document exercice 2022 (pas de document 2021 dedie telecharge), pas de N-1 propre a cette ligne NB solvabilite_bancaire BOABF retiree (etait 0.115 = valeur non sourcee egale au seuil reglementaire — violation du principe d'integrite, a lire dans le rapport annuel avant reintegration)"
CBIBF,2025,65490,48000,,,,,0.44,,DEUX_SOURCE,VALIDE,2026-07-07,
SICC,2024,-128.639513,19.245083,4000.527655,4000.527655,2975.325212,,,,OCR,PROBABLE,2026-06-12,"Sicor ; ATTENTION le document depose le 12/06/2026 sous l'intitule ""exercice 2025"" porte en realite sur l'EXERCICE 2024 (""Exercice clos le 31/12/2024"" au cartouche du bilan, AGO statuant sur 2024) : Sicor n'a pas encore publie ses comptes 2025 ; releve a la main le 27/09/2026, unite FCFA : CP ligne CP 2975325212 (N-1 3103964725), RN -128639513, RN N-1 19245083, total bilan 4000527655 recoupe par le rapport des commissaires aux comptes ; OPINION AVEC RESERVES — ajustement de stocks non justifie de +131695250 et provision pour retraite IAS non comptabilisee ; le conseil d'administration avait arrete les memes comptes a un RN de -260334763 et des CP de 2843629962, soit exactement 131695250 de moins : la perte affichee est de moitie celle arretee, statut maintenu a PROBABLE pour cette raison ; ROE -4.3%"
SICC,2018,989.40144,100.567494,3933.301419,3933.301419,,,,,NATIF,VALIDE,2019-06-11,"premiere donnee VALIDE pour ce titre, jusque-la sans exercice exploitable"
SICC,2021,119.234795,109.826085,,,,,,,OCR,PROBABLE,2023-07-06,chaine auto-coherente 2018-2021 (verifiee via 3 documents distincts)
SICC,2020,109.826085,2.350841,4087.383318,4087.383318,,,,,OCR,PROBABLE,2023-07-06,
SICC,2019,2.350841,989.40144,3925.048002,3925.048002,,,,,OCR,PROBABLE,2021-11-22,"EFFONDREMENT -99.8% vs 2018, coherent avec le differend foncier cocoteraie deja documente (section anterieure du projet) — confirme un vrai evenement, pas un artefact --- R6 lot 1 : Industriels + Services publics (secteurs absents du pilote) ---"
CABC,2025,1439.474,1375.096,23609.026,23609.026,9345.551,417.601,0.527,,NATIF,VALIDE,2026-03-11,"Sicable CI, serie 7 ans, identite exacte"
FTSC,2025,465.981,18595.275,39148.981,39148.981,15703.201,,,,NATIF,VALIDE,2026-06-10,Filtisac CI ; recul du a un HAO exceptionnel 2024 (alerte a ajouter)
STAC,2025,-96.558,-348.195,5446.509,5446.509,356.746,463.307,,,OCR,PROBABLE,2026-04-10,Setao CI ; pertes 2 exercices consecutifs -> exclusion attendue
STAC,2024,-348.195,-1117.719,,,,,,,NATIF,VALIDE,2025-04-10,"confirme exactement le N-1 de 2025 ; revele 4 pertes consecutives (2022-2025), pas 2 comme precedemment documente — exclusion encore mieux fondee"
STAC,2023,-1117.719,-70.544,,,,,,,NATIF,VALIDE,2025-04-10,extrait de la colonne N-1 du document 2024
STAC,2022,-70.544,1119.448,15068.263,15068.263,,,,,NATIF,VALIDE,2023-04-26,"premiere annee de perte, apres 2 annees beneficiaires"
STAC,2021,1119.448,2320.633,16260.295,16260.295,,,,,NATIF,VALIDE,2022-04-26,
STAC,2020,2320.633,,18586.404,18586.404,,,,,NATIF,VALIDE,2021-04-29,
SDCC,2025,4663,3959,,,,,,,DEUX_SOURCE,VALIDE,2026-04-14,"RN_n1 CORRIGE : 3959 (valeur reelle trouvee dans le document source, remplace l'estimation 3559.5 deduite a tort d'un ""+31%"" de communique de presse)"
SDCC,2024,3959,6127,433424,433424,25798,,,,NATIF,VALIDE,2025-04-30,"IFRS consolide, en milliards FCFA converti en millions"
SDCC,2021,5184,4599,,,23956,,,,OCR,PROBABLE,2022-04-26,donnees consolidees retenues (document distingue individuel/consolide)
FTSC,2024,18595.275,3075.971,61061.747,61061.747,43454.156,,,,NATIF,VALIDE,2025-05-23,pic HAO exceptionnel (deja note en alerte ARTEFACT_COMPTABLE)
FTSC,2023,3075.971,153.483,50701.178,50701.178,,,,,NATIF,VALIDE,2024-05-13,
FTSC,2022,153.483,-1276.336,54851.509,54851.509,,,,,NATIF,VALIDE,2023-05-11,
FTSC,2021,-1276.336,,53741.474,53741.474,,,,,NATIF,VALIDE,2022-05-06,"perte 2021, premiere annee de la serie disponible (pas de N-1) --- P6 lot 9 : UNXC (2 pertes consecutives reveelees, ex-gap OCR) ---"
UNXC,2023,-2035.492389,-1298.674972,38585.032514,38585.032514,,,,,NATIF,VALIDE,2024-04-30,2e annee de perte consecutive -> exclusion attendue
UNXC,2022,-1298.674972,1400.692889,39705.901306,39705.901306,,,,,NATIF,VALIDE,2023-04-28,
UNXC,2021,1400.692889,231.26506,37292.681535,37292.681535,,,,,NATIF,VALIDE,2022-06-13,
SIVC,2025,179.293282,376.956818,14611.080094,14611.080094,2526.541669,,,,DEUX_SOURCE,VALIDE,2026-06-26,"Erium CI (ex Air Liquide) ; teste en P3 SDSC (Africa Global Logistics) et SEMC (Eviosys) : donnees insuffisantes dans les documents collectes (SDSC = rapport CAC sans bilan chiffre lisible, exercice 2022 seulement ; SEMC = document quasi entierement image, 235 car. natifs) -> pas de ligne etats_financiers, gap documente pour prochain lot. --- R6 lot 2 (partiel) : Consommation discretionnaire ---"
ABJC,2025,1331,1515,,,,,,,NATIF,VALIDE,2026-04-27,"Servair Abidjan, format IFRS, texte brut direct"
ABJC,2023,1358,1272,,,5167,,,,NATIF,VALIDE,2024-08-19,
BNBC,2025,22.318122,7.31344,49140.780873,49140.780873,17769.953951,942.437472,,,NATIF,VALIDE,2026-04-30,"Bernabe CI, identite exacte"
CFAC,2024,4693.47945,6399.494092,85012.929523,85012.929523,19452.985667,,,,NATIF,VALIDE,2025-05-16,"CFAO Mobility Cote d'Ivoire (denomination du document ; la societe etait enregistree ""CFAO Motors CI"", nom corrige dans societes.csv) ; bilan systeme normal, unite FCFA ; releve a la main le 27/09/2026 : CP ligne CP ""TOTAL CAPITAUX PROPRES ET RESSOURCES ASSIMILEES"" 19452985667 (N-1 17979153259), total general actif BZ = total general passif DZ = 85012929523 ; le RN 4693479450 du compte de resultat confirme au franc la valeur deja en base ; l'ecart de bilan d'environ 4% qui maintenait cette ligne en PROBABLE est leve, statut porte a VALIDE ; ROE 24.1%"
CFAC,2021,5533.563559,,,,,,,,OCR,PROBABLE,,"date de publication absente du nom de fichier (cas rare), non inventee ; document 2022 ""provisoire"" (non certifie) ; son propre chiffre 2022 (6710.916633) diverge de celui certifie plus tard (6399.494092, cf. ligne 2024 ci-dessus) — ecart documente, seul 2021 retenu ici"
NEIC,2024,-759.371358,1167.140182,,,,,,,OCR,PROBABLE,2025-06-13,"Nei-Ceda CI, bascule en perte 2024 vs profit 2023 LNBB (aucun document trouve — page de collecte pas encore atteinte), PRSC, UNXC (tableaux illisibles a l'OCR 300 DPI, reprise a plus haute resolution necessaire) : gaps documentes, R6 lot suivant. --- R6 lot 3 : Consommation de base ---"
NTLC,2025,18426.899479,18149.967087,189958.727992,189958.727992,,,0.503,,NATIF,VALIDE,2026-04-30,"Nestle CI, identite exacte, payout sain"
NTLC,2024,18149.967087,16556.698463,177852.053839,177852.053839,,,0.997,,NATIF,VALIDE,2025-05-05,
NTLC,2023,16556.698463,16627.044028,170340.779234,170340.779234,,,0.9998,,NATIF,VALIDE,2024-04-25,
NTLC,2022,16627.044028,21268.135622,173973.911073,173973.911073,,,1.074,,NATIF,VALIDE,2023-04-24,"payout >100% cet exercice (dividende 17855 vs RN 16627, isole)"
PALC,2025,15508.655,15861.643,199116.293,199116.293,,,,,NATIF,VALIDE,2026-03-23,"Palm CI, identite exacte (unite : milliers FCFA supposee)"
SPHC,2025,24972.07015,18790.217905,225842.735644,225842.735644,137936.908394,,,,NATIF,VALIDE,2026-03-18,"Saph CI, identite exacte, forte croissance"
SCRC,2025,-7953.932,2473.76,156426.278,156426.278,-17243.172,,,,NATIF,VALIDE,2026-05-18,Sucrivoire ; CAPITAUX PROPRES NEGATIFS -> exclusion attendue
SCRC,2023,-10324.162375,-8755.668861,115465.464814,115465.464814,,,,,NATIF,VALIDE,2024-05-10,"2 pertes deja en 2022-2023, avant l'aggravation en capitaux propres negatifs de 2025 — profil degrade documente sur une plus longue periode"
SLBC,2025,45781,21472,339517,339517,195142,,0.7648,,OCR,PROBABLE,2026-05-19,"Solibra ; texte natif corrompu, OCR utilise ; +113% confirme par presse (05/2026) TP corrige (etait 307546, la valeur N-1, au lieu de repeter 339517 — meme bug que les lignes ci-dessous, revele par le golden test 65 lors de son ajout) ; CP releves a la main le 27/09/2026 sur le bilan resume, unite MILLIONS FCFA imprimee : ligne explicite ""Capitaux propres"" 195142 (2024 : 169443), recoupee par capital-primes-reserves 149361 + resultat 45781 ; ROE 23.5% ; payout = dividendes bruts 35012206680 / RN 45781024496, projet d'affectation non approuve par l'AGO ; comptes certifies par les commissaires aux comptes"
SLBC,2024,21472,15078,307546,307546,,,,,NATIF,VALIDE,2025-05-02,"chaine 2018-2024 entierement coherente, texte natif propre cette fois"
SLBC,2023,15078,1217,327698,327698,,,,,NATIF,VALIDE,2024-05-13,
SLBC,2022,1217,22020,334102,334102,,,,,NATIF,VALIDE,2023-05-12,"chute ponctuelle 2022 (une seule annee), a signaler"
SLBC,2021,22020,17520,316350,316350,,,,,NATIF,VALIDE,2022-06-03,
SLBC,2020,17520,13095,294111,294111,,,,,NATIF,VALIDE,2021-05-04,
SLBC,2018,4250,1305,271179,271179,,,,,NATIF,VALIDE,2019-04-05,"2019 manquant (document non disponible), serie discontinue mais fiable"
SOGC,2025,12492.623,13110.79,90288.082,90288.082,68430.361,,,,NATIF,VALIDE,2026-04-22,"SOGB CI, identite exacte ; unite MILLIERS FCFA confirmee par l'en-tete du document (etait supposee) ; CP releves a la main le 27/09/2026 : capital 21601840 + primes et reserves 34335898 + resultat 12492623 = 68430361 milliers, le bilan resume n'affichant pas de ligne ""total capitaux propres"" ; ROE 18.3% ; comptes certifies par les commissaires aux comptes"
UNLC,2023,640.334855,-6908.362002,23009.562675,23009.562675,-10658.856096,,,,NATIF,VALIDE,2024-09-04,Unilever CI ; exercice 2023 seul disponible (donnee datee)
UNLC,2021,6090.755732,,48697.419272,48697.419272,,,,,NATIF,PROBABLE,2022-05-20,"lecture propre annee propre uniquement ; N-1(2020) ecarte, incoherent de +/-1.3 Md avec la lecture 2020 propre ci-dessous — ecart non resolu, signale"
UNLC,2020,-3690.619307,,50984.552374,50984.552374,,,,,NATIF,PROBABLE,2021-04-30,--- R6 lot 4 : Energie (secteur complet) ---
TTLC,2025,9087,9374,188472,188472,36202,3450,1.1,,NATIF,VALIDE,2026-06-01,TotalEnergies Marketing CI ; payout >100% sur cet exercice (vigilance)
TTLC,2024,9374,8709,191526,191526,,,,,NATIF,VALIDE,2025-04-30,confirme exactement le N-1 de 2025
TTLC,2023,8709,,167625,167625,,,,,NATIF,VALIDE,2025-04-30,
TTLC,2022,12279,11143,159651,159651,,,,,NATIF,VALIDE,2023-06-30,
TTLC,2021,11143,,156297,156297,,,,,NATIF,VALIDE,2023-06-30,extrait de la colonne N-1 du document 2022
TTLS,2025,6779,7140,,,,,,,NATIF,VALIDE,2026-04-30,"TotalEnergies Marketing SN, IFRS consolide"
TTLS,2024,7090.811,4222.465,,,,,,,NATIF,VALIDE,2025-05-02,+68% ; recul 2025 (-4.4%) confirme un vrai retour a la normale
TTLS,2023,4222.465,,,,,,,,NATIF,VALIDE,2025-05-02,
SHEC,2025,6028.125958,5353.993378,193561.278972,193561.278972,27158.717963,,1.0103,,NATIF,VALIDE,2026-06-03,"Vivo Energy CI, identite exacte ; unite FCFA (imprimee au titre) ; CP releves a la main le 27/09/2026 : capital 3150000000 + primes et reserves 8802000000 + reserves 630000000 + report a nouveau 8548592005 + resultat 6028125958 = 27158717963 FCFA, pas de ligne ""total CP"" au bilan ; la somme du passif recoupe le total bilan a l'unite (193561278972), ce qui valide la derivation ; ROE 22.2% ; payout = dividendes bruts 6090000000 / RN, projet d'affectation soumis a l'AGO du 24/06/2026 ; etats financiers PROVISOIRES --- R6 lot 5 : Services financiers (partiel) + Telecommunications ---"
BICC,2025,36520,26226,1126270,1126270,120570,,,,DEUX_SOURCE,VALIDE,2026-04-17,"BICI CI ; INVERSION DE COLONNES CORRIGEE (2e source : BPA 1574->2191 FCFA +39%, actif ""1,13 trillion"" = 1 126 270 M confirme — meme type d'erreur que BOABF, detectee ici uniquement grace a la 2e source"
BICC,2023,16694,12391,920563,920563,,,,,NATIF,VALIDE,2024-05-02,chaine coherente : 2021=9603->2022=12391->2023=16694->2024=26226->2025=36520
BICC,2021,9603,4672,847724,847724,71522,,,,NATIF,VALIDE,2022-04-06,
ECOC,2025,63482,57477,,,,,,,NATIF,VALIDE,2026-04-14,"Ecobank CI. Colonnes resultat_net et resultat_net_n1 PERMUTEES a la saisie, corrige le 26/09/2026 par moteur/arbitrage.py (regle 5). Deux identites independantes : 63482/57477 = +10,45 % = glissement publie ; 63482/132725 = 47,83 % = marge nette publiee. La saisie erronee donnait -9,5 %/an et fondait un profil GARP a +26,5 %/an sur une serie au dernier point inverse."
SIBC,2025,55623,50234,1881733,1685249,204765,,,,NATIF,VALIDE,2026-04-21,"Societe Ivoirienne de Banque, croissance +11% confirmee par le document"
ORAC,2025,167800,158200,2554100,2554100,616300,,,,NATIF,VALIDE,2026-06-08,
ORAC,2023,154900,,,,627200,,,,NATIF,PROBABLE,2025-02-21,"RN 2023 seul (N-1 non capture dans ce document)  # Orange CI, IFRS consolide, milliards->millions"
SGBC,2025,101228,101352,,,,,,,NATIF,PROBABLE,2026-04-16,"Societe Generale CI, ordre colonnes incertain"
SGBC,2021,67438,48435,3021481,3021481,304993,,0.513,,NATIF,VALIDE,2022-06-30,
BOAB,2025,19647.175711,20107.229743,,,,,,,OCR,PROBABLE,2026-04-15,"BOA Benin, bilan non recoupe (OCR)"
BOAB,2021,13312.371256,16663.93868,902792.134544,902792.134544,89836.969716,,,,OCR,PROBABLE,2022-03-22,1er succes OCR sur ce titre (tentative precedente sans OCR avait echoue)
BOAS,2025,21906,19984,,,,,,,DEUX_SOURCE,VALIDE,2026-03-17,"BOA Senegal, bilan illisible a l'OCR. Colonnes resultat_net et resultat_net_n1 PERMUTEES a la saisie, corrige le 26/09/2026 par moteur/arbitrage.py (regle 5). Deux identites : 21906/19984 = +9,62 % contre +9,61 % publie ; 21906/51926 = 42,19 % = marge nette publiee. Le statut passe de PROBABLE/OCR a VALIDE/DEUX_SOURCE puisque la seconde source confirme desormais la lecture."
ONTBF,2025,15886.921152,21471.148928,324902.379845,324902.379845,57541.603762,,,,NATIF,VALIDE,2026-06-11,"Onatel BF, identite exacte, recul -26%"
CIEC,2025,13100,10100,,,,,1.0,,DEUX_SOURCE,VALIDE,2026-05-22,"CIE CI ; 5+ sources convergentes, payout 100% confirme"
CIEC,2024,10555,11508,2019136,2019136,40037,,,,NATIF,VALIDE,2025-04-30,donnees consolidees (le document distingue consolide/individuel)
CIEC,2023,11508,10271,1975051,1975051,40227,,,,NATIF,VALIDE,2024-05-02,"--- Etape E : Bridge Bank Group CI, source note d'information IPO visee AMF-UMOA ---"
BBGCI,2025,27200,22800,1427000,1427000,105000,,0.65,0.279,NATIF,VALIDE,2026-06-26,"visa AO/26-03, ROE 27.9%, TCAM 21-25 RN +15.8%"
BBGCI,2024,22800,19800,1120000,1120000,90000,,0.53,0.273,NATIF,VALIDE,2026-06-26,
BBGCI,2023,19800,17500,837000,837000,77000,,0.47,0.278,NATIF,VALIDE,2026-06-26,
BBGCI,2022,17500,15100,908000,908000,66000,,0.5,0.294,NATIF,VALIDE,2026-06-26,
BBGCI,2021,15100,,710000,710000,53000,,0.34,0.312,NATIF,VALIDE,2026-06-26,"premiere annee de la serie, pas de N-1 dans le document"
LNBB,2025,4620,7170,,,,,,,DEUX_SOURCE,VALIDE,2026-05-18,"Loterie Nationale du Benin ; 2024 annee exceptionnelle (+83%, non recurrente, 1ere annee post-IPO) ; document source non encore collecte par le robot"
PRSC,2025,2370,2346.711607,,,,,,,DEUX_SOURCE,VALIDE,2026-06-05,"RN_n1 corrige : 2346.71 (valeur reelle du document, remplace l'estimation web 2349 — ecart mineur 0.1%, coherent)"
PRSC,2024,2346.711607,2044.698,,,11283.033493,,,,NATIF,VALIDE,2025-04-30,
PRSC,2023,2044.698,3562.811,54277.216,54277.216,10916.681,,,,NATIF,VALIDE,2025-06-17,"document unique couvrant 2018-2023, annees explicitement etiquetees"
PRSC,2022,3562.811,2952.005,55623.135,55623.135,11408.6,,,,NATIF,VALIDE,2025-06-17,
PRSC,2021,2952.005,1723.627,39785.218,39785.218,9735.65,,,,NATIF,VALIDE,2025-06-17,
PRSC,2020,1723.627,1804.027,33234.672,33234.672,8597.857,,,,NATIF,VALIDE,2025-06-17,
PRSC,2019,1804.027,2048.423,36358.437,36358.437,8569.73,,,,NATIF,VALIDE,2025-06-17,
PRSC,2018,2048.423,,37086.474,37086.474,8478.097,,,,NATIF,VALIDE,2025-06-17,"premiere annee disponible, pas de N-1"
BICB,2025,24200,30340,,,,,,,DEUX_SOURCE,PROBABLE,2026-06-22,"BIIC Benin ; referentiel PCB OHADA retenu (coherence pairs bancaires) ; IFRS donne +24.7% (36.2 vs 29.1 Mds) contre -20% en PCB OHADA (24.2 vs 30.34 Mds) — ecart de 12 Mds entre referentiels, statut PROBABLE tant que la source du double-reporting n'est pas expertisee"
BOAM,2025,11081.189907,9123.471904,,,,,,,OCR,PROBABLE,2026-03-24,BOA Mali ; RN = resultat avant impot - impot (ligne RN non visible a l'OCR)
BOAC,2025,35540,32044,,,127300,,0.76,,DEUX_SOURCE,VALIDE,2026-04-13,"BOA Cote d'Ivoire ; communique groupe BOA + 2 articles convergents, ROE 27.9%"
BOAC,2024,32044,26075,1075479,1075479,112644,,,,NATIF,VALIDE,2025-04-02,"confirme exactement le 2025 (32044) — 2e source native, pas seulement web"
BOAC,2023,26075,20069,938739,938739,95801,,,,NATIF,VALIDE,2024-03-14,
BOAC,2022,20069,,843300,843300,81726,,,,NATIF,VALIDE,2023-04-05,"premiere annee de la serie disponible, pas de N-1"
BOAN,2025,409,5002,,,,,,,DEUX_SOURCE,VALIDE,2026-04-20,"BOA Niger ; effondrement -91.8%, 2 profit warnings emis (12/2025 et 03/2026) BOAC/BOAN : bilan et OCR direct restent illisibles (tampon/signature sur la ligne RN) ; donnees ci-dessus proviennent du communique officiel BOA Group (16/04/2026), recoupe par plusieurs articles independants. BOAC, BOAM, BOAN : documents scannes volumineux (49-53 pages, format reglementaire complet type Coris) non traites ce lot, report necessaire avec classement de pages + OCR haute resolution cible. ETIT (Ecobank Transnational Incorporated Togo) : aucun document trouve. Synthetiques : profil clairement degrade (exclusion attendue) et profil limite (vigilance attendue) Integration des propositions d'extraction automatique (17/07/2026) : 4 candidats retenus apres correction de 2 bugs reels (annee inversee, garde-fou dettes/capitaux propres) et exclusion de tout ce qui restait ambigu -- voir collecte/preparer_integration.py. Statut PROBABLE systematique (aucune 2e source independante pour l'instant)."
BNBC,2021,1598.214,629.845,,,,1332.999,,,NATIF,PROBABLE,2022-05-03,dc78d1ae_20220503_-_etats_financiers_exercice_2021_-_bernabe_ci.pdf
BNBC,2022,1809.0,1598.0,,,,1477.0,,,NATIF,PROBABLE,2023-08-01,4669c4fc_20230801_-_etats_financiers_certifies_et_approuves_-_exercice_2022_-_bernabe_ci.pdf
BNBC,2023,36.0,1809.0,,,,649.0,,,NATIF,PROBABLE,2024-05-07,"9e3e6104_20240507_-_etats_financiers_de_synthese_-_bernabe_ci.pdf ; capitaux propres 3.0 retires le 27/09/2026 : la valeur donnait un ROE de 1200% (RN 36.0) alors que la meme societe porte 17769.95 de CP en 2025 — fragment d'extraction, pas une grandeur. Case laissee vide, une absence etant lisible alors qu'une fausse valeur se propage en silence."
CIEC,2022,9819.0,9757.0,,,,56665.0,,,NATIF,PROBABLE,2023-04-27,4627aac3_20230427_-_etats_financiers_syscohada_exercice_2022_-_cie_ci.pdf
TEST_EXCLU,2025,-320,-410,1200,1200,-150,900,1.45,,NATIF,VALIDE,2026-05-01,
TEST_EXCLU,2024,-410,-180,1500,1500,180,950,1.6,,NATIF,VALIDE,2025-05-01,
TEST_VIGIL,2025,850,1150,9000,9000,4200,2000,0.85,,NATIF,VALIDE,2026-05-01,"--- Fusion automatique Piste A (27/07/2026) : dettes financieres, payout et solvabilite bancaire absents de l'extraction automatique -> None (jamais devine). A relire au meme titre que le reste. ---"
SIVC,2020,,,,,,,,,NATIF,PROBABLE,2021-04-28,"Fusion auto 27/07/2026 (Piste A, strategie=pdfplumber) -- resultat net trouve, bilan complet non localise"
SEMC,2020,,,,,,,,,NATIF,PROBABLE,2021-09-07,"Fusion auto 27/07/2026 (Piste A, strategie=pdfplumber) -- bilan equilibre ; unite non confirmee dans le texte"
SEMC,2019,,,,,,,,,NATIF,PROBABLE,2020-12-11,"Fusion auto 27/07/2026 (Piste A, strategie=pdfplumber) -- bilan equilibre ; unite non confirmee dans le texte"
SEMC,2018,,,,,,,,,NATIF,PROBABLE,2019-06-05,"Fusion auto 27/07/2026 (Piste A, strategie=pdfplumber) -- resultat net trouve, bilan complet non localise"
ETIT,2024,,,,,,,,,NATIF,PROBABLE,2025-03-28,"Fusion auto 27/07/2026 (Piste A, strategie=pdfplumber) -- resultat net trouve, bilan complet non localise"
ETIT,2023,,,,,,,,,NATIF,PROBABLE,2024-05-02,"Fusion auto 27/07/2026 (Piste A, strategie=pdfplumber) -- resultat net trouve, bilan complet non localise"
ETIT,2021,,,,,,,,,NATIF,PROBABLE,2022-03-30,"Fusion auto 27/07/2026 (Piste A, strategie=pdfplumber) -- resultat net trouve, bilan complet non localise"
SICC,2017,,,,,,,,,NATIF,PROBABLE,,"Fusion auto 27/07/2026 (Piste A, strategie=pdfplumber) -- bilan equilibre ; unite non confirmee dans le texte"
SICC,2015,,,,,,,,,NATIF,PROBABLE,2017-09-05,"Fusion auto 27/07/2026 (Piste A, strategie=pdfplumber) -- bilan equilibre ; unite non confirmee dans le texte"
SICC,2016,,,,,,,,,NATIF,PROBABLE,2017-09-05,"Fusion auto 27/07/2026 (Piste A, strategie=pdfplumber) -- bilan equilibre ; unite non confirmee dans le texte"
BNBC,2024,,,,,,,,,NATIF,PROBABLE,2025-10-31,"Fusion auto 27/07/2026 (Piste A, strategie=pdfplumber) -- resultat net trouve, bilan complet non localise"
BICC,2024,12061.0,18172.0,,,,,,,NATIF,PROBABLE,2024-11-28,"Fusion auto 27/07/2026 (Piste A, strategie=pdfplumber) -- resultat net trouve, bilan complet non localise"
SEMC,2022,,,,,,,,,NATIF,PROBABLE,,"Fusion auto 27/07/2026 (Piste A, strategie=pdfplumber) -- resultat net trouve, bilan complet non localise"
ECOC,2022,28386.0,24389.0,,,,,,,NATIF,PROBABLE,2022-11-02,"Fusion auto 27/07/2026 (Piste A, strategie=pdfplumber) -- resultat net trouve, bilan complet non localise"
LNBB,2021,201.0,-136.0,,,,,,,NATIF,PROBABLE,2022-10-11,"Fusion auto 27/07/2026 (Piste A, strategie=pdfplumber) -- resultat net trouve, bilan complet non localise"
PALC,2026,,,,,,,,,NATIF,PROBABLE,2026-04-29,"Fusion auto 27/07/2026 (Piste A, strategie=pdfplumber) -- resultat net trouve, bilan complet non localise"
PALC,2022,,,,,,,,,NATIF,PROBABLE,2022-10-31,"Fusion auto 27/07/2026 (Piste A, strategie=pdfplumber) -- resultat net trouve, bilan complet non localise"
SOGC,2021,,,,,,,,,NATIF,PROBABLE,2022-11-03,"Fusion auto 27/07/2026 (Piste A, strategie=pdfplumber) -- resultat net trouve, bilan complet non localise"
SOGC,2020,,,,,,,,,NATIF,PROBABLE,2021-10-25,"Fusion auto 27/07/2026 (Piste A, strategie=pdfplumber) -- resultat net trouve, bilan complet non localise"
TTLS,2022,6559.0,5003.0,,,,,,,NATIF,PROBABLE,2023-10-30,"Fusion auto 27/07/2026 (Piste A, strategie=pdfplumber) -- resultat net trouve, bilan complet non localise"
UNLC,2022,,,,,,,,,NATIF,PROBABLE,2023-05-03,"Fusion auto 27/07/2026 (Piste A, strategie=pdfplumber) -- resultat net trouve, bilan complet non localise"
UNLC,2019,,,,,,,,,NATIF,PROBABLE,,"Fusion auto 27/07/2026 (Piste A, strategie=pdfplumber) -- resultat net trouve, bilan complet non localise"
UNXC,2025,-624.0,-2165.166944,,,,,,,NATIF,PROBABLE,2025-10-31,"Fusion auto 27/07/2026 (Piste A, strategie=pdfplumber) -- resultat net trouve, bilan complet non localise"
ECOC,2023,48071.0,44598.0,,1953299.0,,,,,NATIF,PROBABLE,2024-03-28,"Fusion auto 27/07/2026 (Piste A, strategie=pdfplumber) -- resultat net trouve, bilan complet non localise"
SICC,2012,,,,,,,,,NATIF,PROBABLE,2014-04-07,"Fusion auto 27/07/2026 (Piste A, strategie=pdfplumber) -- bilan equilibre ; unite non confirmee dans le texte"
SNTS,2022,278912.0,252459.0,,2063844.0,821250.0,,,,NATIF,PROBABLE,,"Fusion auto 27/07/2026 (Piste A, strategie=pdfplumber) -- resultat net trouve, bilan complet non localise"
UNLC,2018,-4.877,-3.528,,,,,,,NATIF,PROBABLE,,"Fusion auto 27/07/2026 (Piste A, strategie=pdfplumber) -- resultat net trouve, bilan complet non localise --- Fusion automatique Piste A (27/07/2026) : dettes financieres, payout et solvabilite bancaire absents de l'extraction automatique -> None (jamais devine). A relire au meme titre que le reste. --- --- Fusion automatique Piste A (27/07/2026) : dettes financieres, payout et solvabilite bancaire absents de l'extraction automatique -> None (jamais devine). A relire au meme titre que le reste. --- NOTE (28/07/2026) : une entree BOABF/2026 non sourcee a ete retiree d'ici a 3 reprises (25, 27 et 28/07/2026) -- si elle reapparait encore, verifier qu'un ancien fichier local n'est pas reuploade par erreur. --- Fusion automatique Piste A (27/07/2026) : dettes financieres, payout et solvabilite bancaire absents de l'extraction automatique -> None (jamais devine). A relire au meme titre que le reste. --- (28/07/2026 : cause racine corrigee -- la ligne source etait en fait BOA NIGER mal identifiee comme BOABF. Corrigee dans fondamentaux_extraits.csv, et fusionner_fondamentaux.py refuse desormais toute valeur au-dela du plafond de plausibilite. Ne devrait plus jamais revenir.)"
