ticker,nom,secteur,referentiel,pays,compartiment,actionnariat,note
SNTS,Sonatel,TELECOMMUNICATIONS,SYSCOHADA,SN,,Orange MEA (majoritaire),
STBC,Sitab,CONSOMMATION_DE_BASE,SYSCOHADA,CI,,,
NSBC,NSIA Banque CI,SERVICES_FINANCIERS,BANCAIRE_UMOA,CI,,,
SMBC,SMB CI,ENERGIE,SYSCOHADA,CI,,,
SAFC,Safca (Alios Finance CI),SERVICES_FINANCIERS,BANCAIRE_UMOA,CI,,,
ORGT,Oragroup Togo,SERVICES_FINANCIERS,IFRS,TG,,"ECP Financial Holdings (50,01%)",
BOABF,BOA Burkina Faso,SERVICES_FINANCIERS,BANCAIRE_UMOA,BF,,Groupe BOA/BMCE,
BBGC,Bridge Bank Group CI,SERVICES_FINANCIERS,BANCAIRE_UMOA,CI,2026-09-24,"Bridge Group West Africa (BGWA) 57% post-IPO, CNPS 20%, flottant BRVM 20%, divers personnes physiques 3% -- source : Note d'Information IPO visee AMF-UMOA AO/26-03 du 26/06/2026. CORRECTIF 15/07/2026 : la mention anterieure 'Groupe Teyliom' etait une erreur (aucune trace de Teyliom dans le document officiel ; confusion probable avec un autre dossier). date_introduction = 21/08/2026 : ESTIMATION, pas une date de cotation confirmee -- la note precise seulement la periode de placement (20/07-06/08/2026) et une date de 'transmission du calendrier indicatif de premiere cotation' (21/08/2026, dans un tableau partiellement degrade a l'extraction). A RECONFIRMER des qu'un avis BRVM officiel de premiere cotation sera publie.","PAS ENCORE COTE au 10/07/2026 — IPO en cours (periode de placement 20/07-06/08/2026, premiere cotation attendue ~1 mois apres). Ticker ""BBGCI"" provisoire (non confirme par mnemonique officiel BRVM, ISIN CI0000010609 connu). Ajoute en preparation, etape E du plan de marche (10/07/2026) — donnees fondamentales sourcees a la note d'information visee AMF-UMOA n(deg) AO/26-03 du 26/06/2026, AUCUNE donnee cours_mensuels (le prix d'offre 6750 FCFA n'est PAS un cours de marche, ne jamais l'utiliser comme tel). MNEMONIQUE CONFIRME le 04/10/2026 (cycle 19, chantier C27) : le mnemonique officiel est BBGC, et non BBGCI. Preuve a deux cotes, toutes deux publiees par la BRVM -- l'avis de premiere cotation du 25/09/2026, collecte dans collecte/avis_brvm.csv, s'intitule 'Resultats de premiere cotation - BRIDGE BANK GROUP COTE D'IVOIRE (BBGC)' ; et la page Volumes / Valeurs relevee le 02/10/2026 (collecte/releve_volumes.csv) publie BBGC sur les 48 lignes de la cote. Corrobore par le bulletin officiel de la cote n(deg) 186 du 01/10/2026 (donnees/boc.json, symbole BBGC, cloture 8800) et par donnees/cote_reference.json (48 titres). Renommage porte par outils/migration_ticker_bbgci_vers_bbgc.py ; la phrase qui precede est conservee telle quelle, elle dit ce qu'on savait avant cette date. Premiere cotation effective le 24/09/2026 (BOC n(deg) 181)."
CBIBF,Coris Bank International,SERVICES_FINANCIERS,BANCAIRE_UMOA,BF,2016-12-23,"Coris Holding (63,61%)",
SICC,Sicor,CONSOMMATION_DE_BASE,SYSCOHADA,CI,,,"--- Reste de l'univers (47 titres) : secteur reel extrait du BOC 07/07/2026 (collecte/secteurs_boc.json), donnees financieres detaillees non encore collectees (R6, a venir) — permet des a present un calcul sectoriel reproductible sur PER/rendement (R5) plutot qu'une valeur figee non tracee."
NTLC,Nestle CI,CONSOMMATION_DE_BASE,,CI,,,
PALC,Palm CI,CONSOMMATION_DE_BASE,,CI,,,
SPHC,Saph CI,CONSOMMATION_DE_BASE,,CI,,,
TTLC,TotalEnergies Marketing CI,ENERGIE,,CI,,,
TTLS,TotalEnergies Marketing SN,ENERGIE,,SN,,,
ECOC,Ecobank Cote d'Ivoire,SERVICES_FINANCIERS,,CI,,,
SGBC,Societe Generale Cote d'Ivoire,SERVICES_FINANCIERS,,CI,,,
SIBC,Societe Ivoirienne de Banque,SERVICES_FINANCIERS,,CI,,,
ONTBF,Onatel BF,TELECOMMUNICATIONS,,BF,,,
ORAC,Orange Cote d'Ivoire,TELECOMMUNICATIONS,,CI,,,
SCRC,Sucrivoire,CONSOMMATION_DE_BASE,,CI,,,
SLBC,Solibra CI,CONSOMMATION_DE_BASE,,CI,,,
SOGC,SOGB CI,CONSOMMATION_DE_BASE,,CI,,,
UNLC,Unilever CI,CONSOMMATION_DE_BASE,,CI,,,
ABJC,Servair Abidjan,CONSOMMATION_DISCRETIONNAIRE,,CI,,,
BNBC,Bernabe CI,CONSOMMATION_DISCRETIONNAIRE,,CI,,,
CFAC,CFAO Mobility Cote d'Ivoire,CONSOMMATION_DISCRETIONNAIRE,,CI,,,
LNBB,Loterie Nationale du Benin,CONSOMMATION_DISCRETIONNAIRE,,BJ,,,
NEIC,NEI-CEDA CI,CONSOMMATION_DISCRETIONNAIRE,,CI,,,
PRSC,Tractafric Motors CI,CONSOMMATION_DISCRETIONNAIRE,,CI,,,
UNXC,Uniwax CI,CONSOMMATION_DISCRETIONNAIRE,,CI,,,
SHEC,Vivo Energy CI,ENERGIE,,CI,,,
BICB,BIIC Benin,SERVICES_FINANCIERS,,BJ,,,
BICC,BICI CI,SERVICES_FINANCIERS,,CI,,,
BOAB,BOA Benin,SERVICES_FINANCIERS,,BJ,,,
BOAC,BOA Cote d'Ivoire,SERVICES_FINANCIERS,,CI,,,
BOAM,BOA Mali,SERVICES_FINANCIERS,,ML,,,
BOAN,BOA Niger,SERVICES_FINANCIERS,,NE,,,
BOAS,BOA Senegal,SERVICES_FINANCIERS,,SN,,,
ETIT,Ecobank Transnational Incorporated Togo,SERVICES_FINANCIERS,,TG,,,
CABC,Sicable CI,INDUSTRIELS,,CI,,,
FTSC,Filtisac CI,INDUSTRIELS,,CI,,,
SDSC,Africa Global Logistics CI,INDUSTRIELS,,CI,,,
SEMC,Sonoco Metal Packaging Siem CI (ex-Eviosys),INDUSTRIELS,,CI,,,
SIVC,Erium CI (ex-Air Liquide CI),INDUSTRIELS,,CI,,,
STAC,Setao CI,INDUSTRIELS,,CI,,,
CIEC,CIE CI,SERVICES_PUBLICS,,CI,,,
SDCC,Sode CI,SERVICES_PUBLICS,,CI,,,--- Cas synthetiques de test (NE SONT PAS des donnees reelles BRVM) ---
TEST_EXCLU,[SYNTHETIQUE] Titre a exclure,INDUSTRIELS,SYSCOHADA,CI,,,
TEST_VIGIL,[SYNTHETIQUE] Titre en vigilance,INDUSTRIELS,SYSCOHADA,CI,,,
