ticker,exercice,source_url,note
BNBC,2023,https://www.brvm.org/sites/default/files/20240507_-_etats_financiers_de_synthese_-_bernabe_ci.pdf,
SDSC,2020,https://www.brvm.org/sites/default/files/20210428_-_etats_financiers_-_exercice_2020_-_bollore_transport_logistics_ci.pdf,
SOGC,2020,https://www.brvm.org/sites/default/files/20210413_-_etats_financiers_-_exercice_2020_-_sogb_ci.pdf,
BBGC,2021,https://www.richbourse.com/common/actualite/afficher-fichier/08-07-2026-note-dinformation-offre-publique-de-vente-des-actions-de-bridge-bank-group-ci,
BBGC,2022,https://www.richbourse.com/common/actualite/afficher-fichier/08-07-2026-note-dinformation-offre-publique-de-vente-des-actions-de-bridge-bank-group-ci,
BBGC,2023,https://www.richbourse.com/common/actualite/afficher-fichier/08-07-2026-note-dinformation-offre-publique-de-vente-des-actions-de-bridge-bank-group-ci,
BBGC,2024,https://www.richbourse.com/common/actualite/afficher-fichier/08-07-2026-note-dinformation-offre-publique-de-vente-des-actions-de-bridge-bank-group-ci,
BBGC,2025,https://www.richbourse.com/common/actualite/afficher-fichier/08-07-2026-note-dinformation-offre-publique-de-vente-des-actions-de-bridge-bank-group-ci,
BOAB,2021,https://www.brvm.org/sites/default/files/20220322_-_etats_financiers_exercice_2021_-_boa_bn.pdf,
BOAC,2025,https://www.brvm.org/sites/default/files/20260612_-_rapport_des_commissaires_aux_comptes_et_etats_financiers_annuels_-_exercice_2025_-_boa_ci.pdf,
PALC,2026,https://www.brvm.org/sites/default/files/20260323_-_etats_financiers_-_exercice_2025_-_palm_ci.pdf,
SDCC,2021,https://www.brvm.org/sites/default/files/20220426_-_etats_financiers_individuels_syscohada_exercice_2021_-_sodeci.pdf,
SDCC,2025,https://www.brvm.org/sites/default/files/20260427_-_etats_financiers_-_exercice_2025_-_sodeci.pdf,
SICC,2017,https://www.brvm.org/sites/default/files/sicor_-_etats_financiers_2017.pdf,
TTLC,2023,https://www.brvm.org/sites/default/files/20240910_-_etats_financiers_definitifs_2023_-_totalenergies_marketing_ci.pdf,
SNTS,2022,https://www.brvm.org/fr/sonatel-senegal-resultats-financiers-exercice-2022,
BICB,2025,https://www.brvm.org/sites/default/files/20260619_-_rapport_dactivites_annuel_et_etats_financiers_ifrs_-_exercice_2025_-_biic.pdf,
BICC,2024,https://www.brvm.org/sites/default/files/20250328_-_etats_financiers_-_exercice_2024_-_bici_ci.pdf,
BNBC,2021,https://www.brvm.org/sites/default/files/20220503_-_etats_financiers_exercice_2021_-_bernabe_ci.pdf,
BNBC,2022,https://www.brvm.org/sites/default/files/20230425_-_etats_financiers_exercice_2022_-_bernabe_ci.pdf,
BNBC,2024,https://www.brvm.org/sites/default/files/20240507_-_etats_financiers_de_synthese_-_bernabe_ci.pdf,
CIEC,2022,https://www.brvm.org/sites/default/files/20230427_-_etats_financiers_ifrs_exercice_2022_-_cie_ci.pdf,
CIEC,2025,https://www.brvm.org/sites/default/files/20260520_-_etats_financiers_syscohada_et_ifrs_-_exercice_2025_-_cie_ci.pdf,
ECOC,2022,https://www.brvm.org/sites/default/files/20230405_-_etats_financiers_exercice_2022_-_ecobank_ci.pdf,
ETIT,2021,https://www.brvm.org/sites/default/files/20220128_-_etats_financiers_exercice_2021_-_eti_tg.pdf,
ETIT,2023,https://www.brvm.org/sites/default/files/20240502_-_etats_financiers_-_exercice_2023_-_eti_tg.pdf,
ETIT,2024,https://www.brvm.org/sites/default/files/20250328_-_etats_financiers_certifies_par_les_commissaires_aux_comptes_-_exercice_2024_-_eti_tg.pdf,
ETIT,2025,https://www.brvm.org/sites/default/files/20260413_-_rapport_des_commissaires_aux_comptes_sur_les_etats_financiers_annuels_-_exercice_2025_-_eti_tg.pdf,
NTLC,2022,https://www.brvm.org/sites/default/files/20230424_-_etats_financiers_exercice_2022_-_nestle_ci.pdf,
NTLC,2023,https://www.brvm.org/sites/default/files/20240521_-_etats_financiers_-_exercice_2023_-_nestle_ci.pdf,
NTLC,2024,https://www.brvm.org/sites/default/files/20250502_-_etats_financiers_-_exercice_2024_-_nestle_ci.pdf,
PALC,2022,https://www.brvm.org/sites/default/files/20230425_-_etats_financiers_exercice_2022_-_palm_ci.pdf,
PRSC,2025,https://www.brvm.org/sites/default/files/20260430_-_etats_financiers_-_exercice_2025_-_tractafric_motors_ci.pdf,
SAFC,2024,https://www.brvm.org/sites/default/files/20250703_-_etats_finaniers_-_exercice_2024_-_safca_ci.pdf,
SDSC,2022,https://www.brvm.org/sites/default/files/20231103_-_etats_financiers_exercice_2022_-_africa_global_logistics_ci_ex_bollore.pdf,
SDSC,2023,https://www.brvm.org/sites/default/files/20240613_-_etats_financiers_-_exercice_2023_-_africa_global_logistics_ci.pdf,
SDSC,2024,https://www.brvm.org/sites/default/files/20250829_-_etats_financiers_et_rapport_des_cac_-_exercice_2024_-_africa_global_logistics_ci.pdf,
SEMC,2018,https://www.brvm.org/sites/default/files/20190605_-_etats_financiers_exercice_2018_-_crown_siem_ci.pdf,
SEMC,2019,https://www.brvm.org/sites/default/files/20201211_-_etats_financiers_-_exercice_2019_-_crown_siem_ci.pdf,
SEMC,2020,https://www.brvm.org/sites/default/files/20210907_-_etats_financiers_-_exercice_2020_-_crown_siem_ci.pdf,
SEMC,2022,https://www.brvm.org/sites/default/files/eviosys_packaging_siem_-etats_financiers_de_synthese_-exercice_2022.pdf,
SICC,2015,https://www.brvm.org/sites/default/files/20170905-_etats_financiers_exercice_2015-_sicor_ci.pdf,
SICC,2016,https://www.brvm.org/sites/default/files/20170816-_etats_financiers_exercice_2016-_sicor_ci.pdf,
SICC,2018,https://www.brvm.org/sites/default/files/20190611_-_etats_financiers_exercice_2018_-_sicor_ci.pdf,
SICC,2019,https://www.brvm.org/sites/default/files/20211122_-_etats_financiers_exercice_2019_-_sicor_ci.pdf,
SICC,2020,https://www.brvm.org/sites/default/files/20230706_-_etats_financiers_-_exercice_2020_-_sicor.pdf,
SICC,2021,https://www.brvm.org/sites/default/files/20230706_-_etats_financiers_-_exercice_2021_-_sicor.pdf,
SIVC,2020,https://www.brvm.org/sites/default/files/20210428_-_etats_financiers_-_exercice_2020_-_air_liquide_ci_1.pdf,
SOGC,2021,https://www.brvm.org/sites/default/files/20220429_-_etats_financiers_exercice_2021_-_sogb_ci.pdf,
STAC,2025,https://www.brvm.org/sites/default/files/20260413_-_etats_financiers_-_exercice_2025_-_setao_ci.pdf,
UNLC,2022,https://www.brvm.org/sites/default/files/20230503_-_etats_financiers_exercice_2022_-_unilever_ci.pdf,
STAC,2024,https://www.brvm.org/sites/default/files/20250410_-_etats_financiers_provisoires_-_exercice_2024_-_setao_ci.pdf,
STAC,2022,https://www.brvm.org/sites/default/files/20230426_-_etats_financiers_exercice_2022_-_setao_ci.pdf,
STAC,2021,https://www.brvm.org/sites/default/files/20220426_-_etats_financiers_exercice_2021_-_setao_ci.pdf,
STAC,2020,https://www.brvm.org/sites/default/files/20210429_-_etats_financiers_-_exercice_2020_-_setao_ci.pdf,
SHEC,2023,https://www.brvm.org/sites/default/files/20240606_-_etats_financiers_provisoire_-_exercice_2023_-_vivo_energy_ci.pdf,
SCRC,2023,https://www.brvm.org/sites/default/files/20240510_-_etats_financiers_-_exercice_2023_-_sucrivoire_ci.pdf,
TTLC,2024,https://www.brvm.org/sites/default/files/20250430_-_etats_financiers_-_exercice_2024_-_totalenergies_marketing_ci.pdf,
TTLC,2022,https://www.brvm.org/sites/default/files/20230630_-_etats_financiers_certifies_et_approuves_exercice_2022_-_totalenergies_marketing_ci.pdf,
UNLC,2021,https://www.brvm.org/sites/default/files/20220520_-_etats_financiers_exercice_2021_-_unilever_ci.pdf,
UNLC,2020,https://www.brvm.org/sites/default/files/20210430_-_etats_financiers_-_exercice_2020_-_unilever_ci.pdf,
SLBC,2024,https://www.brvm.org/sites/default/files/20250502_-_etats_financiers_-_exercice_2024_-_solibra_ci.pdf,
SLBC,2023,https://www.brvm.org/sites/default/files/20240513_-_etats_financiers_de_synthese_-_exercice_2023_-_solibra_ci.pdf,
SLBC,2022,https://www.brvm.org/sites/default/files/20230512_-_etats_financiers_exercice_2022_-_solibra_ci.pdf,
SLBC,2021,https://www.brvm.org/sites/default/files/20220603_-_etats_financiers_exercice_2021_-_solibra.pdf,
SLBC,2020,https://www.brvm.org/sites/default/files/20210504_-_etats_financiers_-_exercice_2020_-_solibra_ci.pdf,
SLBC,2018,https://www.brvm.org/sites/default/files/20190405_-_etats_financiers_exercice_2018_-_solibra_ci.pdf,
BOABF,2023,https://www.brvm.org/sites/default/files/20240301_-_etats_financiers_certifies_-_exercice_2023_-_boa_bf.pdf,
BOABF,2022,https://www.brvm.org/sites/default/files/20230223_-_etats_financiers_exercice_2022_-_boa_bf.pdf,
BOAC,2024,https://www.brvm.org/sites/default/files/20250402_-_etats_financiers_-_exercice_2024_-_boa_ci.pdf,
BOAC,2023,https://www.brvm.org/sites/default/files/20240314_-_etats_financiers_-_exercice_2023_-_boa_ci.pdf,
BOAC,2022,https://www.brvm.org/sites/default/files/20230405_-_etats_financiers_exercice_2022_-_boa_ci.pdf,
BICC,2023,https://www.brvm.org/sites/default/files/20240502_-_etats_financiers_-_exercice_2023_-_bici_ci.pdf,
BICC,2021,https://www.brvm.org/sites/default/files/20220406_-_etats_financiers_exercice_2021_-_bicici.pdf,
CIEC,2024,https://www.brvm.org/sites/default/files/20250430_-_etats_financiers_-_norme_syscohada_-_exercice_2024_-_cie_ci.pdf,
CIEC,2023,https://www.brvm.org/sites/default/files/20240502_-_etats_financiers_syscohada_-_exercice_2023_-_cie_ci.pdf,
ORGT,2024,https://www.brvm.org/sites/default/files/20250430_-_etats_financiers_-_exercice_2024_-_oragroup_tg.pdf,
ABJC,2023,https://www.brvm.org/sites/default/files/20240819_-_etats_financiers_approuves_-_exercice_2023_-_servair_abidjan_ci.pdf,
SGBC,2021,https://www.brvm.org/sites/default/files/20220630_-_etats_financiers_certifies_exercice_2021_-_societe_generale_ci_0.pdf,
TTLS,2024,https://www.brvm.org/sites/default/files/20250502_-_etats_financiers_-_norme_syscohada_-_exercice_2024_-_totalenergies_marketing_sn.pdf,
TTLS,2023,https://www.brvm.org/sites/default/files/20250502_-_etats_financiers_-_norme_syscohada_-_exercice_2024_-_totalenergies_marketing_sn.pdf,
CBIBF,2022,https://www.brvm.org/sites/default/files/20230427_-_etats_financiers_exercice_2022_-_coris_bank_international_bf.pdf,
ORAC,2023,https://www.brvm.org/sites/default/files/20250221_-_etats_financiers_-_exercice_2024_-_orange_ci.pdf,
PALC,2024,https://www.brvm.org/sites/default/files/20250417_-_etats_financiers_provisoires_valides_par_le_ca_-_exercice_2024_-_palm_ci.pdf,
ABJC,2025,https://www.brvm.org/sites/default/files/20260427_-_etats_financiers_ifrs_-_exercice_2025_-_servair_abidjan_ci.pdf,
BICC,2025,https://www.brvm.org/sites/default/files/20260417_-_etats_financiers_-_exercice_2025_-_bici_ci.pdf,
BNBC,2025,https://www.brvm.org/sites/default/files/20260430_-_etats_financiers_-_exercice_2025_-_bernabe_ci.pdf,
BOABF,2025,https://www.brvm.org/sites/default/files/20260323_-_etats_financiers_-_exercice_2025_-_boa_bf.pdf,
BOAB,2025,https://www.brvm.org/sites/default/files/20260415_-_etats_financiers_-_exercice_2025_-_boa_bn.pdf,
BOAM,2025,https://www.brvm.org/sites/default/files/20260324_-_etats_financiers_-_exercice_2025_-_boa_ml.pdf,
BOAS,2025,https://www.brvm.org/sites/default/files/20260317_-_etats_financiers_-_exercice_2025_-_boa_sn.pdf,
CABC,2019,https://www.brvm.org/sites/default/files/20260311_-_etats_financiers_ifrs_-_exercice_2025_-_sicable_ci.pdf,
CABC,2020,https://www.brvm.org/sites/default/files/20260311_-_etats_financiers_ifrs_-_exercice_2025_-_sicable_ci.pdf,
CABC,2021,https://www.brvm.org/sites/default/files/20260311_-_etats_financiers_ifrs_-_exercice_2025_-_sicable_ci.pdf,
CABC,2022,https://www.brvm.org/sites/default/files/20260311_-_etats_financiers_ifrs_-_exercice_2025_-_sicable_ci.pdf,
CABC,2023,https://www.brvm.org/sites/default/files/20260311_-_etats_financiers_ifrs_-_exercice_2025_-_sicable_ci.pdf,
CABC,2024,https://www.brvm.org/sites/default/files/20260311_-_etats_financiers_ifrs_-_exercice_2025_-_sicable_ci.pdf,
CABC,2025,https://www.brvm.org/sites/default/files/20260311_-_etats_financiers_ifrs_-_exercice_2025_-_sicable_ci.pdf,
CBIBF,2022,https://www.brvm.org/sites/default/files/20230427_-_etats_financiers_exercice_2022_-_coris_bank_international_bf.pdf,
CBIBF,2025,https://www.brvm.org/sites/default/files/20260707_-_etats_financiers_-_exercice_2025_-_coris_bank_international_bf.pdf,
CFAC,2024,https://www.brvm.org/sites/default/files/20250516_-_etats_financiers_-_exercice_2024_-_cfao_motors_ci.pdf,
ECOC,2025,https://www.brvm.org/sites/default/files/20260414_-_rapport_dactivites_et_etats_financiers_-_exercice_2025_-_ecobank_ci.pdf,
FTSC,2021,https://www.brvm.org/sites/default/files/20220506_-_etats_financiers_exercice_2021_-_filtisac_ci.pdf,
FTSC,2022,https://www.brvm.org/sites/default/files/20230511_-_etats_financiers_exercice_2022_-_filtisac_ci.pdf,
FTSC,2023,https://www.brvm.org/sites/default/files/20240513_-_etats_financiers_-_exercice_2023_-_filtisac_ci.pdf,
FTSC,2024,https://www.brvm.org/sites/default/files/20250523_-_etats_financiers_-_exercice_2024_-_filtisac_ci.pdf,
FTSC,2025,https://www.brvm.org/sites/default/files/20260610_-_etats_financiers_-_exercice_2025_-_filtisac_ci.pdf,
NEIC,2024,https://www.brvm.org/sites/default/files/20250613_-_etats_financiers_approuves_-_exercice_2024_-_nei-ceda_ci.pdf,
NSBC,2021,https://www.brvm.org/sites/default/files/20220512_-_etats_financiers_-_exercice_2021_-_nsia_banque_ci_annule_et_remplace_le_precedent.pdf,
NSBC,2022,https://www.brvm.org/sites/default/files/20230331_-_etats_financiers_exercice_2022_-_nsia_banque_ci.pdf,
NSBC,2023,https://www.brvm.org/sites/default/files/20240328_-_etats_financiers_-_exercice_2023_-_nsia_banque_ci.pdf,
NSBC,2024,https://www.brvm.org/sites/default/files/20250325_-_etats_financiers_certifies_par_les_commissaires_aux_comptes_-_exercice_2024_-_nsia_banque_ci.pdf,
NSBC,2025,https://www.brvm.org/sites/default/files/20260513_-_etats_financiers_et_communique_-_exercice_2025_-_nsia_banque_ci.pdf,
NTLC,2025,https://www.brvm.org/sites/default/files/20260430_-_etats_financiers_-_exercice_2025_-_nestle_ci.pdf,
ONTBF,2025,https://www.brvm.org/sites/default/files/20260611_-_etats_financiers_approuves_-_exercice_2025_-_onatel_bf.pdf,
ORAC,2025,https://www.brvm.org/sites/default/files/20260608_-_etats_financiers_approuves_-_exercice_2025_-_orange_ci.pdf,
ORGT,2021,https://www.brvm.org/sites/default/files/20220426_-_etats_financiers_exercice_2021_-_oragroup_tg.pdf,
ORGT,2022,https://www.brvm.org/sites/default/files/20230426_-_etats_financiers_exercice_2022_-_oragroup_tg.pdf,
ORGT,2023,https://www.brvm.org/sites/default/files/20240429_-_etats_financiers_-_exercice_2023_-_oragroup_togo.pdf,
ORGT,2025,https://www.brvm.org/sites/default/files/20260504_-_etats_financiers_-_exercice_2025_-_oragroup_tg.pdf,
PALC,2023,https://www.brvm.org/sites/default/files/20250417_-_etats_financiers_provisoires_valides_par_le_ca_-_exercice_2024_-_palm_ci.pdf,
PALC,2025,https://www.brvm.org/sites/default/files/20260323_-_etats_financiers_-_exercice_2025_-_palm_ci.pdf,
PRSC,2018,https://www.brvm.org/sites/default/files/20250617_-_etats_financiers_-_exercices_2018_a_2023_-_tractafric_motors_ci_annule_et_remplace_le_precedent.pdf,
PRSC,2019,https://www.brvm.org/sites/default/files/20250617_-_etats_financiers_-_exercices_2018_a_2023_-_tractafric_motors_ci_annule_et_remplace_le_precedent.pdf,
PRSC,2020,https://www.brvm.org/sites/default/files/20250617_-_etats_financiers_-_exercices_2018_a_2023_-_tractafric_motors_ci_annule_et_remplace_le_precedent.pdf,
PRSC,2021,https://www.brvm.org/sites/default/files/20250617_-_etats_financiers_-_exercices_2018_a_2023_-_tractafric_motors_ci_annule_et_remplace_le_precedent.pdf,
PRSC,2022,https://www.brvm.org/sites/default/files/20250617_-_etats_financiers_-_exercices_2018_a_2023_-_tractafric_motors_ci_annule_et_remplace_le_precedent.pdf,
PRSC,2023,https://www.brvm.org/sites/default/files/20250617_-_etats_financiers_-_exercices_2018_a_2023_-_tractafric_motors_ci_annule_et_remplace_le_precedent.pdf,
PRSC,2024,https://www.brvm.org/sites/default/files/20250430_-_etats_financiers_-_exercice_2024_-_tractafric_motors_ci.pdf,
SAFC,2021,https://www.brvm.org/sites/default/files/20220425_-_etats_financiers_exercice_2021_-_safca_ci.pdf,
SAFC,2025,https://www.brvm.org/sites/default/files/20260609_-_etats_financiers_-_exercice_2025_-_safca_ci_annule_et_remplace_le_precedent.pdf,
SCRC,2025,https://www.brvm.org/sites/default/files/20260518_-_etats_financiers_-_exercice_2025_-_sucrivoire_ci_annule_et_remplace_le_precedent.pdf,
SDCC,2024,https://www.brvm.org/sites/default/files/20250430_-_etats_financiers_-_exercice_2024_-_sode_ci.pdf,
SGBC,2025,https://www.brvm.org/sites/default/files/20260416_-_rapport_dactivites_annuel_et_etats_financiers_-_exercice_2025_-_societe_generale_ci.pdf,
SHEC,2021,https://www.brvm.org/sites/default/files/20220906_-_etats_financiers_exercice_2021_-_vivo_energy_ci.pdf,
SHEC,2022,https://www.brvm.org/sites/default/files/20231103_-_etats_financiers_-_exercice_2022_-_vivo_energy_ci.pdf,
SHEC,2024,https://www.brvm.org/sites/default/files/20250516_-_etats_financiers_2024_et_rapport_dactivites_du_1er_trimestre_2025_-_vivo_energy_ci.pdf,
SHEC,2025,https://www.brvm.org/sites/default/files/20260603_-_etats_financiers_-_exercice_2025_-_vivo_energy.pdf,
SIBC,2025,https://www.brvm.org/sites/default/files/20260421_-_rapport_dactivites_annuel_et_etats_financiers_-_exercice_2025_-_sib_ci.pdf,
SICC,2024,https://www.brvm.org/sites/default/files/20260612_-_rapport_dactivites_annuel_et_etats_financiers_-_exercice_2025_-_sicor_ci.pdf,
SIVC,2025,https://www.brvm.org/sites/default/files/20260626_-_etats_financiers_-_exercice_2025_-_erium_ci.pdf,
SLBC,2025,https://www.brvm.org/sites/default/files/20260519_-_etats_financiers_-_exercice_2025_-_solibra_ci.pdf,
SMBC,2022,https://www.brvm.org/sites/default/files/20230816_-_etats_financiers_certifies_et_approuves_-_exercice_2022_-_smb_ci.pdf,
SMBC,2023,https://www.brvm.org/sites/default/files/20240513_-_etats_financiers_de_synthese_-_exercice_2023_-_smb_ci.pdf,
SMBC,2024,https://www.brvm.org/sites/default/files/20250430_-_etats_financiers_-_exercice_2024_-_smb_ci.pdf,
SMBC,2025,https://www.brvm.org/sites/default/files/20260512_-_etats_financiers_et_projet_daffectation_du_resultat_-_exercice_2025_-_smb_ci.pdf,
SNTS,2023,https://www.brvm.org/sites/default/files/20240222_-_etats_financiers_-_exercice_2023_-_sonatel_sn.pdf,
SNTS,2024,https://www.brvm.org/sites/default/files/20250221_-_etats_financiers_-_exercice_2024_-_sonatel_sn.pdf,
SNTS,2025,https://www.brvm.org/sites/default/files/20260216_-_etats_financiers_2025_et_attestation_des_cac_-_sonatel_sn.pdf,
SOGC,2022,https://www.brvm.org/sites/default/files/20230424_-_etats_financiers_exercice_2022_-_sogb_ci.pdf,
SOGC,2023,https://www.brvm.org/sites/default/files/20240429_-_etats_financiers_-_exercice_2023_-_sogb_ci.pdf,
SOGC,2024,https://www.brvm.org/sites/default/files/20250430_-_etats_financiers_-_exercice_2024_-_sogb_ci.pdf,
SOGC,2025,https://www.brvm.org/sites/default/files/20260422_-_etats_financiers_syscohada_-_exercice_2025_-_sogb_ci.pdf,
SPHC,2022,https://www.brvm.org/sites/default/files/20230802_-_etats_financiers_certifies_et_approuves_-_exercice_2022_-_saph_ci.pdf,
SPHC,2023,https://www.brvm.org/sites/default/files/20240718_-_etats_financiers_certifies_et_approuves_par_les_cac_-_exercice_2023_-_syscohada_-_saph_ci.pdf,
SPHC,2024,https://www.brvm.org/sites/default/files/20250319_-_etats_financiers_certifies_par_les_cacs_-_exercice_2024_-_saph_ci.pdf,
SPHC,2025,https://www.brvm.org/sites/default/files/20260318_-_etats_financiers_syscohada_-_exercice_2025_-_saph_ci.pdf,
STBC,2022,https://www.brvm.org/sites/default/files/20230814_-_attestation_dexecution_de_la_mission_de_commissariat_aux_comptes_-_etats_financiers_exercice_2022_-_sitab_ci.pdf,
STBC,2023,https://www.brvm.org/sites/default/files/20240605_-_etats_financiers_verifie_par_les_cac_-_exercice_2023_-_sitab_ci.pdf,
STBC,2024,https://www.brvm.org/sites/default/files/20250507_-_etats_financiers_-_exercice_2024_-_sitab_ci.pdf,
STBC,2025,https://www.brvm.org/sites/default/files/20260625_-_etats_financiers_-_exercice_2025_-_sitab_ci_annule_et_remplace_le_precedent.pdf,
TTLC,2025,https://www.brvm.org/sites/default/files/20260601_-_etats_financiers_approuves_-_exercice_2025_-_totalenergies_marketing_ci.pdf,
TTLS,2025,https://www.brvm.org/sites/default/files/20260430_-_etats_financiers_ifrs_-_exercice_2025_-_totalenergies_marketing_sn.pdf,
UNLC,2023,https://www.brvm.org/sites/default/files/20240904_-_etats_financiers_-_exercice_2023_-_unilever_ci.pdf,
UNXC,2021,https://www.brvm.org/sites/default/files/20220613_-_etats_financiers_certifies_exercice_2021_-_uniwax_ci.pdf,
UNXC,2022,https://www.brvm.org/sites/default/files/20230428_-_etats_financiers_exercice_2022_-_uniwax_ci.pdf,
UNXC,2023,https://www.brvm.org/sites/default/files/20240430_-_etats_financiers_de_synthese_projets_daffectation_non_verifies_par_les_cac_-_exercice_2023_-_uniwax_ci.pdf,
